index,neg,neu,pos,compound
0,0.0,1.0,0.0,0.0
1,0.075,0.861,0.064,0.1321
2,0.095,0.836,0.069,-0.1779
3,0.0,0.858,0.142,0.5106
4,0.111,0.694,0.194,0.34
5,0.431,0.294,0.275,-0.3818
6,0.235,0.702,0.063,-0.8353
7,0.176,0.824,0.0,-0.7184
8,0.096,0.882,0.022,-0.6908
9,0.199,0.757,0.044,-0.7776
10,0.119,0.852,0.029,-0.6486
11,0.385,0.615,0.0,-0.3612
12,0.0,1.0,0.0,0.0
13,0.415,0.585,0.0,-0.8494
14,0.208,0.568,0.224,0.0664
15,0.111,0.625,0.264,0.8698
16,0.0,0.469,0.531,0.9093
17,0.286,0.564,0.15,-0.8481
18,0.176,0.629,0.195,0.2615
19,0.0,0.868,0.132,0.4404
20,0.045,0.955,0.0,-0.296
21,0.334,0.611,0.055,-0.9519
22,0.0,0.694,0.306,0.9577
23,0.405,0.425,0.17,-0.5803
24,0.09,0.709,0.2,0.7334
25,0.382,0.529,0.089,-0.9594
26,0.412,0.588,0.0,-0.7906
27,0.0,0.886,0.114,0.5423
28,0.282,0.718,0.0,-0.6249
29,0.207,0.709,0.084,-0.6908
30,0.031,0.664,0.305,0.9245
31,0.185,0.791,0.024,-0.8885
32,0.158,0.842,0.0,-0.7204
33,0.0,1.0,0.0,0.0
34,0.136,0.714,0.15,-0.1506
35,0.104,0.896,0.0,-0.5423
36,0.408,0.592,0.0,-0.7351
37,0.148,0.694,0.158,-0.128
38,0.043,0.564,0.393,0.98
39,0.106,0.894,0.0,-0.3612
40,0.342,0.528,0.129,-0.9313
41,0.0,0.693,0.307,0.9493
42,0.107,0.699,0.194,0.5565
43,0.107,0.854,0.039,-0.5327
44,0.08,0.92,0.0,-0.5423
45,0.0,0.844,0.156,0.8074
46,0.0,0.839,0.161,0.8425
47,0.348,0.619,0.033,-0.9654
48,0.047,0.611,0.342,0.7765
49,0.081,0.796,0.123,0.2144
50,0.0,1.0,0.0,0.0
51,0.0,0.93,0.07,0.4588
52,0.0,1.0,0.0,0.0
53,0.0,1.0,0.0,0.0
54,0.292,0.565,0.143,-0.7798
55,0.302,0.698,0.0,-0.5994
56,0.107,0.702,0.191,0.4168
57,0.208,0.792,0.0,-0.8658
58,0.186,0.814,0.0,-0.7964
59,0.836,0.164,0.0,-0.6249
60,0.22,0.78,0.0,-0.4767
61,0.278,0.641,0.081,-0.9356
62,0.097,0.838,0.065,-0.0516
63,0.158,0.617,0.226,0.6331
64,0.225,0.725,0.05,-0.8555
65,0.046,0.841,0.113,0.6652
66,0.0,1.0,0.0,0.0
67,0.232,0.768,0.0,-0.891
68,0.201,0.687,0.113,-0.4939
69,0.0,0.909,0.091,0.296
70,0.085,0.823,0.092,0.0516
71,0.083,0.71,0.207,0.665
72,0.094,0.721,0.184,0.8053
73,0.0,0.824,0.176,0.7351
74,0.075,0.772,0.154,0.453
75,0.0,1.0,0.0,0.0
76,0.0,0.861,0.139,0.5972
77,0.316,0.64,0.044,-0.9403
78,0.0,0.922,0.078,0.5106
79,0.105,0.79,0.105,-0.2484
80,0.156,0.747,0.097,-0.5574
81,0.139,0.801,0.061,-0.4489
82,0.0,0.934,0.066,0.4515
83,0.197,0.733,0.071,-0.7569
84,0.217,0.783,0.0,-0.7269
85,0.0,0.902,0.098,0.4215
86,0.204,0.796,0.0,-0.8147
87,0.028,0.972,0.0,-0.0422
88,0.0,0.649,0.351,0.5837
89,0.0,1.0,0.0,0.0
90,0.51,0.49,0.0,-0.9628
91,0.0,0.815,0.185,0.3612
92,0.083,0.828,0.09,0.0258
93,0.0,0.929,0.071,0.3818
94,0.167,0.783,0.05,-0.6336
95,0.201,0.799,0.0,-0.8689
96,0.26,0.74,0.0,-0.9337
97,0.127,0.873,0.0,-0.1531
98,0.079,0.849,0.072,-0.0987
99,0.134,0.619,0.246,0.3463
100,0.0,0.823,0.177,0.7964
101,0.091,0.909,0.0,-0.6124
102,0.174,0.435,0.391,0.4588
103,0.221,0.779,0.0,-0.5267
104,0.256,0.501,0.242,-0.2103
105,0.437,0.563,0.0,-0.7351
106,0.244,0.756,0.0,-0.4404
107,0.363,0.527,0.11,-0.7767
108,0.078,0.922,0.0,-0.4215
109,0.289,0.711,0.0,-0.7845
110,0.141,0.859,0.0,-0.6418
111,0.123,0.695,0.181,0.2714
112,0.165,0.668,0.167,-0.2177
113,0.087,0.913,0.0,-0.3182
114,0.165,0.782,0.053,-0.5358
115,0.203,0.797,0.0,-0.8796
116,0.0,0.85,0.15,0.3182
117,0.181,0.74,0.08,-0.596
118,0.0,1.0,0.0,0.0
119,0.346,0.654,0.0,-0.5719
120,0.0,1.0,0.0,0.0
121,0.0,0.894,0.106,0.3818
122,0.0,0.791,0.209,0.7003
123,0.332,0.586,0.081,-0.9111
124,0.188,0.672,0.139,-0.4663
125,0.19,0.729,0.081,-0.6369
126,0.083,0.767,0.15,0.296
127,0.0,0.786,0.214,0.4574
128,0.271,0.65,0.079,-0.8865
129,0.0,1.0,0.0,0.0
130,0.14,0.818,0.042,-0.6369
131,0.195,0.694,0.111,-0.4876
132,0.0,1.0,0.0,0.0
133,0.254,0.691,0.054,-0.8201
134,0.315,0.634,0.051,-0.9432
135,0.293,0.707,0.0,-0.8062
136,0.057,0.728,0.215,0.7543
137,0.0,0.761,0.239,0.5719
138,0.063,0.865,0.072,0.0772
139,0.228,0.772,0.0,-0.7351
140,0.0,0.927,0.073,0.3182
141,0.191,0.809,0.0,-0.7096
142,0.0,0.711,0.289,0.7269
143,0.133,0.804,0.063,-0.4226
144,0.061,0.854,0.085,0.2244
145,0.103,0.727,0.17,0.5853
146,0.054,0.621,0.325,0.9293
147,0.0,0.319,0.681,0.75
148,0.0,0.801,0.199,0.8268
149,0.062,0.846,0.092,0.2617
150,0.17,0.727,0.104,-0.2263
151,0.174,0.496,0.33,0.7443
152,0.0,1.0,0.0,0.0
153,0.3,0.7,0.0,-0.9435
154,0.042,0.683,0.276,0.8357
155,0.0,1.0,0.0,0.0
156,0.12,0.82,0.06,-0.2732
157,0.312,0.688,0.0,-0.9153
158,0.086,0.823,0.091,-0.2023
159,0.211,0.729,0.061,-0.8126
160,0.19,0.63,0.181,-0.1346
161,0.0,0.729,0.271,0.8801
162,0.104,0.835,0.061,-0.3094
163,0.215,0.785,0.0,-0.8519
164,0.094,0.812,0.094,0.0
165,0.085,0.915,0.0,-0.5574
166,0.0,0.743,0.257,0.7845
167,0.129,0.745,0.126,-0.0516
168,0.0,1.0,0.0,0.0
169,0.066,0.851,0.083,-0.0516
170,0.0,1.0,0.0,0.0
171,0.092,0.908,0.0,-0.6671
172,0.154,0.709,0.137,-0.1779
173,0.194,0.806,0.0,-0.8002
174,0.254,0.665,0.081,-0.8617
175,0.297,0.703,0.0,-0.9509
176,0.195,0.762,0.043,-0.6808
177,0.04,0.854,0.106,0.4939
178,0.271,0.687,0.041,-0.9438
179,0.294,0.706,0.0,-0.3612
180,0.041,0.868,0.091,0.5106
181,0.787,0.213,0.0,-0.5709
182,0.169,0.831,0.0,-0.6901
183,0.145,0.855,0.0,-0.5994
184,0.0,1.0,0.0,0.0
185,0.0,0.967,0.033,0.1134
186,0.195,0.608,0.197,-0.2263
187,0.0,1.0,0.0,0.0
188,0.246,0.569,0.185,-0.4019
189,0.0,1.0,0.0,0.0
190,0.099,0.667,0.233,0.7372
191,0.142,0.858,0.0,-0.8074
192,0.107,0.742,0.151,-0.128
193,0.254,0.54,0.206,-0.6635
194,0.0,0.771,0.229,0.8074
195,0.0,1.0,0.0,0.0
196,0.0,0.884,0.116,0.6597
197,0.0,0.919,0.081,0.5023
198,0.086,0.831,0.083,-0.0258
199,0.1,0.856,0.044,-0.5423
200,0.182,0.818,0.0,-0.7783
201,0.0,0.705,0.295,0.9442
202,0.148,0.714,0.138,-0.1449
203,0.185,0.815,0.0,-0.5823
204,0.0,0.937,0.063,0.4724
205,0.223,0.681,0.096,-0.8074
206,0.145,0.855,0.0,-0.296
207,0.15,0.85,0.0,-0.3182
208,0.267,0.733,0.0,-0.9081
209,0.08,0.92,0.0,-0.5423
210,0.081,0.879,0.04,-0.3506
211,0.376,0.624,0.0,-0.9708
212,0.198,0.575,0.228,0.212
213,0.046,0.914,0.04,-0.0686
214,0.11,0.89,0.0,-0.5709
215,0.349,0.651,0.0,-0.8934
216,0.276,0.655,0.068,-0.807
217,0.308,0.601,0.092,-0.8057
218,0.124,0.767,0.108,0.1154
219,0.296,0.704,0.0,-0.9161
220,0.0,0.729,0.271,0.9274
221,0.094,0.718,0.188,0.7003
222,0.124,0.578,0.298,0.7906
223,0.0,1.0,0.0,0.0
224,0.085,0.773,0.142,0.4359
225,0.0,0.914,0.086,0.508
226,0.32,0.624,0.056,-0.9226
227,0.196,0.526,0.277,0.6486
228,0.0,0.724,0.276,0.8832
229,0.347,0.523,0.131,-0.9225
230,0.372,0.551,0.077,-0.9601
231,0.041,0.814,0.146,0.7096
232,0.191,0.809,0.0,-0.5423
233,0.359,0.641,0.0,-0.9403
234,0.11,0.808,0.082,-0.4696
235,0.216,0.744,0.04,-0.8807
236,0.072,0.68,0.248,0.7624
237,0.0,0.89,0.11,0.6369
238,0.099,0.819,0.082,-0.2263
239,0.172,0.784,0.044,-0.7906
240,0.0,1.0,0.0,0.0
241,0.173,0.754,0.073,-0.6832
242,0.068,0.783,0.15,0.4824
243,0.044,0.814,0.143,0.6098
244,0.056,0.838,0.106,0.4019
245,0.063,0.87,0.067,0.0352
246,0.0,1.0,0.0,0.0
247,0.06,0.633,0.307,0.8979
248,0.134,0.602,0.264,0.7548
249,0.117,0.883,0.0,-0.6997
250,0.238,0.607,0.156,-0.7906
251,0.0,0.973,0.027,0.0516
252,0.14,0.782,0.078,-0.3182
253,0.0,0.935,0.065,0.3612
254,0.0,0.922,0.078,0.5255
255,0.229,0.771,0.0,-0.7929
256,0.0,0.797,0.203,0.7845
257,0.222,0.675,0.102,-0.8519
258,0.09,0.725,0.185,0.4215
259,0.153,0.68,0.167,0.1779
260,0.25,0.645,0.105,-0.8032
261,0.354,0.646,0.0,-0.9374
262,0.0,0.89,0.11,0.6767
263,0.079,0.763,0.158,0.4767
264,0.241,0.64,0.119,-0.5927
265,0.0,0.928,0.072,0.2382
266,0.216,0.725,0.06,-0.891
267,0.055,0.854,0.091,0.3432
268,0.395,0.491,0.114,-0.9751
269,0.265,0.735,0.0,-0.8402
270,0.187,0.705,0.107,-0.4876
271,0.166,0.776,0.058,-0.5994
272,0.194,0.731,0.075,-0.7359
273,0.271,0.503,0.226,-0.017
274,0.0,0.966,0.034,0.0516
275,0.147,0.853,0.0,-0.6679
276,0.0,0.776,0.224,0.5994
277,0.273,0.688,0.04,-0.8879
278,0.128,0.795,0.077,-0.2505
279,0.1,0.9,0.0,-0.4767
280,0.188,0.812,0.0,-0.7003
281,0.113,0.887,0.0,-0.5106
282,0.112,0.888,0.0,-0.7096
283,0.0,1.0,0.0,0.0
284,0.0,1.0,0.0,0.0
285,0.126,0.786,0.088,-0.1531
286,0.0,1.0,0.0,0.0
287,0.386,0.455,0.159,-0.6124
288,0.0,1.0,0.0,0.0
289,0.0,0.612,0.388,0.7887
290,0.185,0.694,0.12,-0.5916
291,0.317,0.633,0.05,-0.8823
292,0.211,0.738,0.051,-0.8316
293,0.155,0.79,0.055,-0.5449
294,0.0,1.0,0.0,0.0
295,0.092,0.684,0.224,0.6114
296,0.322,0.678,0.0,-0.5848
297,0.162,0.737,0.101,-0.1197
298,0.0,0.898,0.102,0.3612
299,0.268,0.732,0.0,-0.5106
300,0.165,0.761,0.074,-0.8443
301,0.475,0.471,0.054,-0.9582
302,0.0,0.883,0.117,0.3089
303,0.413,0.587,0.0,-0.7456
304,0.0,1.0,0.0,0.0
305,0.099,0.667,0.233,0.7372
306,0.05,0.687,0.263,0.6808
307,0.142,0.858,0.0,-0.8074
308,0.0,0.869,0.131,0.5826
309,0.154,0.818,0.029,-0.6714
310,0.313,0.549,0.137,-0.4939
311,0.36,0.64,0.0,-0.6705
312,0.33,0.621,0.049,-0.9201
313,0.07,0.741,0.189,0.4382
314,0.0,0.777,0.223,0.7639
315,0.0,0.913,0.087,0.4199
316,0.149,0.788,0.063,-0.6568
317,0.057,0.943,0.0,-0.4019
318,0.123,0.877,0.0,-0.5848
319,0.059,0.686,0.255,0.7418
320,0.397,0.572,0.031,-0.9578
321,0.175,0.765,0.06,-0.4969
322,0.245,0.657,0.099,-0.6124
323,0.065,0.742,0.194,0.6597
324,0.111,0.814,0.075,-0.4078
325,0.281,0.719,0.0,-0.6486
326,0.368,0.632,0.0,-0.5423
327,0.0,0.942,0.058,0.2263
328,0.113,0.742,0.145,0.1531
329,0.129,0.661,0.21,0.5695
330,0.043,0.957,0.0,-0.2168
331,0.171,0.699,0.129,-0.5267
332,0.0,0.86,0.14,0.7684
333,0.0,1.0,0.0,0.0
334,0.246,0.654,0.1,-0.5719
335,0.099,0.761,0.14,0.1531
336,0.089,0.911,0.0,-0.3089
337,0.0,0.936,0.064,0.3818
338,0.284,0.716,0.0,-0.8591
339,0.145,0.855,0.0,-0.296
340,0.08,0.695,0.225,0.7845
341,0.063,0.937,0.0,-0.5514
342,0.341,0.595,0.065,-0.9133
343,0.052,0.948,0.0,-0.2465
344,0.0,0.909,0.091,0.1779
345,0.196,0.634,0.17,-0.5499
346,0.379,0.259,0.362,-0.0516
347,0.0,1.0,0.0,0.0
348,0.086,0.866,0.048,-0.3939
349,0.158,0.751,0.092,-0.5888
350,0.219,0.728,0.053,-0.8176
351,0.063,0.721,0.216,0.765
352,0.22,0.725,0.055,-0.8176
353,0.0,1.0,0.0,0.0
354,0.214,0.712,0.073,-0.8095
355,0.073,0.757,0.17,0.3818
356,0.116,0.731,0.153,0.4005
357,0.042,0.68,0.278,0.9459
358,0.165,0.835,0.0,-0.2905
359,0.245,0.628,0.127,-0.7645
360,0.236,0.764,0.0,-0.872
361,0.426,0.574,0.0,-0.8858
362,0.0,1.0,0.0,0.0
363,0.046,0.954,0.0,-0.1779
364,0.071,0.769,0.16,0.3612
365,0.044,0.874,0.082,0.4471
366,0.186,0.761,0.054,-0.6901
367,0.362,0.638,0.0,-0.8807
368,0.093,0.795,0.111,-0.0516
369,0.141,0.679,0.18,0.0683
370,0.376,0.561,0.063,-0.9576
371,0.254,0.703,0.043,-0.9428
372,0.426,0.574,0.0,-0.8856
373,0.158,0.737,0.104,-0.1901
374,0.0,0.957,0.043,0.2561
375,0.0,0.889,0.111,0.5399
376,0.455,0.545,0.0,-0.3612
377,0.242,0.631,0.127,-0.4929
378,0.06,0.861,0.079,0.2263
379,0.18,0.612,0.208,0.196
380,0.202,0.732,0.067,-0.7964
381,0.0,0.878,0.122,0.4927
382,0.0,0.694,0.306,0.765
383,0.0,1.0,0.0,0.0
384,0.076,0.872,0.052,-0.2062
385,0.207,0.709,0.084,-0.7227
386,0.066,0.804,0.13,0.3392
387,0.0,0.831,0.169,0.743
388,0.308,0.692,0.0,-0.8402
389,0.283,0.556,0.161,-0.296
390,0.0,1.0,0.0,0.0
391,0.0,1.0,0.0,0.0
392,0.228,0.772,0.0,-0.8807
393,0.173,0.786,0.041,-0.8126
394,0.0,0.575,0.425,0.5719
395,0.195,0.749,0.056,-0.8834
396,0.121,0.636,0.243,0.5228
397,0.228,0.652,0.12,-0.743
398,0.0,1.0,0.0,0.0
399,0.131,0.616,0.252,0.5477
400,0.0,0.61,0.39,0.4939
401,0.109,0.674,0.216,0.6885
402,0.0,0.89,0.11,0.5719
403,0.072,0.835,0.093,0.2146
404,0.0,1.0,0.0,0.0
405,0.158,0.802,0.04,-0.7351
406,0.112,0.888,0.0,-0.5859
407,0.266,0.611,0.124,-0.8623
408,0.0,0.885,0.115,0.296
409,0.038,0.87,0.093,0.5085
410,0.0,1.0,0.0,0.0
411,0.128,0.745,0.128,0.0
412,0.0,0.943,0.057,0.4019
413,0.129,0.805,0.066,-0.6703
414,0.175,0.767,0.058,-0.8508
415,0.059,0.815,0.127,0.555
416,0.074,0.695,0.231,0.7777
417,0.238,0.617,0.145,-0.765
418,0.356,0.567,0.078,-0.962
419,0.1,0.9,0.0,-0.5358
420,0.225,0.775,0.0,-0.4404
421,0.0,0.95,0.05,0.3612
422,0.223,0.576,0.201,-0.0772
423,0.196,0.804,0.0,-0.296
424,0.067,0.781,0.152,0.4404
425,0.231,0.731,0.038,-0.765
426,0.183,0.722,0.095,-0.6808
427,0.074,0.926,0.0,-0.3597
428,0.2,0.682,0.118,-0.6808
429,0.175,0.558,0.267,0.4798
430,0.353,0.647,0.0,-0.9735
431,0.129,0.871,0.0,-0.7383
432,0.0,0.684,0.316,0.7869
433,0.0,1.0,0.0,0.0
434,0.0,0.937,0.063,0.3612
435,0.235,0.765,0.0,-0.7947
436,0.123,0.877,0.0,-0.6486
437,0.185,0.815,0.0,-0.6124
438,0.158,0.506,0.336,0.7184
439,0.247,0.753,0.0,-0.802
440,0.184,0.816,0.0,-0.8316
441,0.224,0.776,0.0,-0.9134
442,0.0,0.789,0.211,0.2382
443,0.2,0.706,0.094,-0.5574
444,0.115,0.885,0.0,-0.5667
445,0.195,0.805,0.0,-0.8271
446,0.115,0.885,0.0,-0.5075
447,0.148,0.773,0.079,-0.5095
448,0.345,0.655,0.0,-0.964
449,0.086,0.835,0.079,-0.0772
450,0.119,0.846,0.034,-0.4019
451,0.159,0.841,0.0,-0.7783
452,0.042,0.958,0.0,-0.1901
453,0.06,0.768,0.172,0.4678
454,0.195,0.762,0.043,-0.6369
455,0.117,0.883,0.0,-0.6997
456,0.343,0.59,0.068,-0.9274
457,0.146,0.756,0.097,-0.4402
458,0.169,0.756,0.076,-0.3818
459,0.095,0.712,0.193,0.7247
460,0.0,0.748,0.252,0.6597
461,0.0,1.0,0.0,0.0
462,0.073,0.864,0.063,-0.3551
463,0.17,0.83,0.0,-0.6249
464,0.195,0.805,0.0,-0.2924
465,0.0,0.937,0.063,0.3612
466,0.184,0.583,0.233,0.4199
467,0.112,0.838,0.05,-0.6486
468,0.0,0.704,0.296,0.4497
469,0.0,0.811,0.189,0.8122
470,0.181,0.77,0.049,-0.7317
471,0.189,0.76,0.051,-0.7717
472,0.231,0.769,0.0,-0.8398
473,0.203,0.797,0.0,-0.8796
474,0.186,0.814,0.0,-0.8937
475,0.467,0.533,0.0,-0.8885
476,0.264,0.626,0.109,-0.8264
477,0.144,0.706,0.151,-0.1779
478,0.202,0.726,0.073,-0.4939
479,0.0,0.791,0.209,0.4404
480,0.271,0.729,0.0,-0.3818
481,0.043,0.634,0.323,0.9366
482,0.0,0.763,0.237,0.4767
483,0.153,0.79,0.056,-0.6486
484,0.104,0.896,0.0,-0.6996
485,0.0,0.929,0.071,0.5106
486,0.0,1.0,0.0,0.0
487,0.252,0.649,0.098,-0.7803
488,0.0,0.806,0.194,0.6486
489,0.0,1.0,0.0,0.0
490,0.081,0.666,0.253,0.5541
491,0.291,0.709,0.0,-0.9472
492,0.048,0.952,0.0,-0.128
493,0.216,0.607,0.177,-0.5423
494,0.136,0.679,0.185,0.2003
495,0.224,0.748,0.028,-0.8285
496,0.0,0.675,0.325,0.9312
497,0.23,0.77,0.0,-0.782
498,0.163,0.694,0.143,-0.2783
499,0.0,0.762,0.238,0.6486
500,0.0,0.706,0.294,0.6124
501,0.031,0.798,0.171,0.8074
502,0.178,0.755,0.067,-0.7351
503,0.16,0.803,0.036,-0.7735
504,0.044,0.898,0.058,0.1779
505,0.074,0.783,0.143,0.3612
506,0.0,0.81,0.19,0.6892
507,0.126,0.874,0.0,-0.7212
508,0.0,0.881,0.119,0.7003
509,0.269,0.667,0.064,-0.8225
510,0.0,0.772,0.228,0.9272
511,0.136,0.696,0.168,0.2263
512,0.0,0.929,0.071,0.4404
513,0.094,0.906,0.0,-0.6381
514,0.086,0.817,0.098,0.1506
515,0.313,0.687,0.0,-0.9597
516,0.344,0.579,0.077,-0.9531
517,0.356,0.644,0.0,-0.9015
518,0.148,0.852,0.0,-0.7806
519,0.151,0.81,0.04,-0.5994
520,0.119,0.775,0.106,-0.1027
521,0.276,0.609,0.115,-0.8591
522,0.151,0.782,0.067,-0.4767
523,0.037,0.864,0.099,0.4385
524,0.0,0.859,0.141,0.6652
525,0.0,0.724,0.276,0.8957
526,0.173,0.827,0.0,-0.869
527,0.053,0.947,0.0,-0.34
528,0.0,1.0,0.0,0.0
529,0.072,0.928,0.0,-0.3597
530,0.163,0.61,0.227,0.2263
531,0.221,0.734,0.045,-0.8696
532,0.338,0.662,0.0,-0.9655
533,0.284,0.716,0.0,-0.9162
534,0.198,0.658,0.143,-0.504
535,0.0,0.913,0.087,0.471
536,0.145,0.855,0.0,-0.296
537,0.086,0.771,0.143,0.5696
538,0.061,0.773,0.166,0.7044
539,0.127,0.81,0.064,-0.505
540,0.325,0.625,0.05,-0.9217
541,0.148,0.687,0.165,0.1531
542,0.0,1.0,0.0,0.0
543,0.0,0.918,0.082,0.3818
544,0.076,0.924,0.0,-0.6093
545,0.161,0.755,0.084,-0.6566
546,0.0,0.85,0.15,0.6486
547,0.162,0.734,0.104,-0.128
548,0.191,0.809,0.0,-0.6369
549,0.0,0.894,0.106,0.0772
550,0.0,0.933,0.067,0.128
551,0.0,1.0,0.0,0.0
552,0.287,0.632,0.082,-0.9009
553,0.125,0.805,0.071,-0.2973
554,0.279,0.642,0.078,-0.7672
555,0.058,0.812,0.13,0.5606
556,0.142,0.76,0.099,-0.4767
557,0.066,0.846,0.088,0.1779
558,0.086,0.767,0.147,0.2462
559,0.0,0.941,0.059,0.3919
560,0.0,0.823,0.177,0.5859
561,0.102,0.838,0.059,-0.2134
562,0.158,0.818,0.024,-0.8126
563,0.079,0.786,0.136,0.0516
564,0.05,0.821,0.13,0.4019
565,0.0,0.813,0.187,0.3182
566,0.12,0.88,0.0,-0.6381
567,0.0,1.0,0.0,0.0
568,0.0,0.633,0.367,0.4404
569,0.31,0.585,0.105,-0.8991
570,0.0,1.0,0.0,0.0
571,0.156,0.738,0.107,-0.5267
572,0.247,0.713,0.04,-0.9134
573,0.056,0.944,0.0,-0.3182
574,0.193,0.677,0.131,-0.5236
575,0.458,0.542,0.0,-0.9001
576,0.0,0.963,0.037,0.0772
577,0.207,0.701,0.092,-0.8665
578,0.322,0.617,0.062,-0.946
579,0.253,0.674,0.072,-0.9305
580,0.091,0.795,0.114,0.0498
581,0.058,0.669,0.274,0.9173
582,0.0,0.968,0.032,0.1511
583,0.044,0.956,0.0,-0.2263
584,0.0,0.836,0.164,0.6486
585,0.07,0.93,0.0,-0.4588
586,0.0,1.0,0.0,0.0
587,0.242,0.497,0.261,0.2439
588,0.334,0.594,0.072,-0.9413
589,0.134,0.866,0.0,-0.6249
590,0.198,0.749,0.053,-0.6818
591,0.09,0.845,0.064,-0.2263
592,0.033,0.797,0.17,0.6752
593,0.202,0.691,0.106,-0.6597
594,0.32,0.68,0.0,-0.8575
595,0.078,0.671,0.251,0.8053
596,0.0,0.718,0.282,0.4836
597,0.191,0.809,0.0,-0.8779
598,0.0,0.841,0.159,0.6868
599,0.301,0.699,0.0,-0.9442
600,0.195,0.782,0.023,-0.798
601,0.362,0.638,0.0,-0.8596
602,0.233,0.612,0.155,-0.4404
603,0.108,0.792,0.1,-0.0516
604,0.06,0.94,0.0,-0.2732
605,0.104,0.896,0.0,-0.5255
606,0.778,0.222,0.0,-0.5423
607,0.087,0.697,0.217,0.7096
608,0.0,0.936,0.064,0.3818
609,0.055,0.771,0.174,0.7184
610,0.455,0.545,0.0,-0.875
611,0.092,0.853,0.056,-0.274
612,0.287,0.499,0.214,-0.7269
613,0.0,0.856,0.144,0.7264
614,0.0,0.509,0.491,0.6996
615,0.082,0.918,0.0,-0.5423
616,0.044,0.956,0.0,-0.2023
617,0.179,0.821,0.0,-0.891
618,0.0,0.933,0.067,0.3612
619,0.169,0.773,0.059,-0.6908
620,0.0,1.0,0.0,0.0
621,0.204,0.769,0.026,-0.8316
622,0.181,0.819,0.0,-0.6249
623,0.029,0.756,0.215,0.9071
624,0.174,0.674,0.151,-0.2244
625,0.0,0.863,0.137,0.7057
626,0.14,0.794,0.067,-0.5106
627,0.0,1.0,0.0,0.0
628,0.329,0.671,0.0,-0.9455
629,0.033,0.724,0.244,0.9052
630,0.062,0.64,0.298,0.8625
631,0.096,0.712,0.192,0.6369
632,0.074,0.7,0.226,0.5719
633,0.08,0.92,0.0,-0.5267
634,0.107,0.791,0.103,-0.0258
635,0.0,0.86,0.14,0.5267
636,0.0,1.0,0.0,0.0
637,0.212,0.666,0.122,-0.667
638,0.068,0.708,0.224,0.8714
639,0.233,0.479,0.288,0.2023
640,0.17,0.731,0.099,-0.5994
641,0.153,0.703,0.144,-0.3434
642,0.141,0.666,0.193,0.4169
643,0.0,0.921,0.079,0.4404
644,0.123,0.877,0.0,-0.2732
645,0.045,0.699,0.256,0.9055
646,0.072,0.928,0.0,-0.1027
647,0.037,0.794,0.169,0.7898
648,0.0,0.693,0.307,0.9274
649,0.053,0.947,0.0,-0.0772
650,0.13,0.689,0.181,0.3818
651,0.0,0.822,0.178,0.7227
652,0.0,0.906,0.094,0.3612
653,0.0,0.93,0.07,0.2732
654,0.225,0.775,0.0,-0.8402
655,0.0,0.746,0.254,0.8916
656,0.114,0.667,0.219,0.4003
657,0.0,1.0,0.0,0.0
658,0.231,0.567,0.202,-0.2812
659,0.0,0.794,0.206,0.5267
660,0.0,0.648,0.352,0.8271
661,0.0,0.859,0.141,0.4795
662,0.083,0.917,0.0,-0.5362
663,0.0,0.762,0.238,0.3612
664,0.191,0.697,0.113,-0.5859
665,0.096,0.875,0.028,-0.2757
666,0.0,0.916,0.084,0.3182
667,0.0,1.0,0.0,0.0
668,0.106,0.828,0.066,-0.2273
669,0.051,0.787,0.162,0.7003
670,0.142,0.675,0.183,-0.3813
671,0.109,0.891,0.0,-0.6155
672,0.0,0.775,0.225,0.7506
673,0.325,0.569,0.106,-0.5719
674,0.273,0.706,0.021,-0.8898
675,0.053,0.886,0.061,0.0772
676,0.0,0.778,0.222,0.6908
677,0.0,1.0,0.0,0.0
678,0.086,0.831,0.083,-0.0258
679,0.068,0.833,0.099,0.3382
680,0.265,0.735,0.0,-0.8718
681,0.231,0.769,0.0,-0.8957
682,0.189,0.811,0.0,-0.5423
683,0.067,0.796,0.137,0.3107
684,0.037,0.621,0.342,0.9528
685,0.17,0.761,0.069,-0.4805
686,0.0,1.0,0.0,0.0
687,0.0,0.929,0.071,0.25
688,0.0,0.854,0.146,0.4767
689,0.155,0.756,0.089,-0.228
690,0.467,0.533,0.0,-0.836
691,0.0,1.0,0.0,0.0
692,0.071,0.829,0.1,0.3561
693,0.0,0.877,0.123,0.5204
694,0.0,0.909,0.091,0.4215
695,0.257,0.696,0.046,-0.8745
696,0.196,0.636,0.168,-0.126
697,0.044,0.956,0.0,-0.296
698,0.065,0.815,0.12,0.3987
699,0.07,0.826,0.104,0.264
700,0.089,0.705,0.206,0.775
701,0.035,0.898,0.067,0.1154
702,0.192,0.657,0.151,-0.3283
703,0.077,0.923,0.0,-0.3094
704,0.056,0.79,0.154,0.5562
705,0.052,0.827,0.121,0.5757
706,0.116,0.825,0.059,-0.4939
707,0.0,0.788,0.212,0.8565
708,0.128,0.872,0.0,-0.296
709,0.137,0.863,0.0,-0.5106
710,0.091,0.809,0.1,-0.1363
711,0.252,0.748,0.0,-0.5719
712,0.0,0.813,0.187,0.8176
713,0.334,0.666,0.0,-0.9615
714,0.266,0.707,0.028,-0.9022
715,0.039,0.918,0.043,0.0387
716,0.223,0.633,0.144,-0.6948
717,0.304,0.606,0.09,-0.9296
718,0.0,1.0,0.0,0.0
719,0.112,0.511,0.377,0.8338
720,0.076,0.618,0.306,0.8757
721,0.0,1.0,0.0,0.0
722,0.163,0.73,0.108,-0.5942
723,0.334,0.604,0.062,-0.9458
724,0.0,1.0,0.0,0.0
725,0.0,0.913,0.087,0.4329
726,0.181,0.742,0.076,-0.7263
727,0.154,0.846,0.0,-0.694
728,0.0,0.912,0.088,0.4019
729,0.0,0.794,0.206,0.7937
730,0.376,0.561,0.063,-0.9576
731,0.363,0.566,0.071,-0.9618
732,0.05,0.732,0.217,0.743
733,0.195,0.805,0.0,-0.5632
734,0.189,0.74,0.071,-0.743
735,0.284,0.528,0.188,-0.7096
736,0.214,0.786,0.0,-0.7184
737,0.141,0.594,0.265,0.7423
738,0.0,0.935,0.065,0.2023
739,0.046,0.886,0.068,0.25
740,0.126,0.764,0.11,-0.1689
741,0.178,0.822,0.0,-0.6738
742,0.137,0.784,0.079,-0.6428
743,0.0,0.634,0.366,0.9022
744,0.159,0.712,0.129,-0.1776
745,0.302,0.618,0.08,-0.8381
746,0.051,0.853,0.097,0.4588
747,0.301,0.657,0.042,-0.8165
748,0.199,0.672,0.129,-0.5423
749,0.069,0.855,0.076,0.0516
750,0.058,0.859,0.083,0.25
751,0.264,0.517,0.219,-0.6486
752,0.129,0.643,0.229,0.3612
753,0.0,1.0,0.0,0.0
754,0.035,0.858,0.107,0.4678
755,0.141,0.751,0.108,-0.3595
756,0.0,1.0,0.0,0.0
757,0.0,0.832,0.168,0.4973
758,0.484,0.252,0.264,-0.7897
759,0.031,0.842,0.127,0.7298
760,0.106,0.72,0.174,0.2431
761,0.125,0.875,0.0,-0.6124
762,0.145,0.688,0.167,0.0516
763,0.263,0.737,0.0,-0.3612
764,0.154,0.693,0.154,0.0
765,0.061,0.727,0.212,0.7351
766,0.22,0.714,0.067,-0.7537
767,0.0,0.688,0.312,0.8232
768,0.0,0.835,0.165,0.7845
769,0.07,0.772,0.158,0.3818
770,0.234,0.704,0.061,-0.9063
771,0.173,0.754,0.074,-0.6208
772,0.093,0.797,0.11,-0.0516
773,0.182,0.818,0.0,-0.69
774,0.068,0.752,0.18,0.6808
775,0.158,0.818,0.024,-0.8126
776,0.187,0.662,0.151,-0.2263
777,0.266,0.545,0.189,-0.7269
778,0.0,0.792,0.208,0.7845
779,0.529,0.471,0.0,-0.6696
780,0.194,0.806,0.0,-0.7506
781,0.0,0.872,0.128,0.4199
782,0.388,0.612,0.0,-0.8591
783,0.0,1.0,0.0,0.0
784,0.0,0.719,0.281,0.8979
785,0.329,0.549,0.121,-0.7351
786,0.0,1.0,0.0,0.0
787,0.254,0.746,0.0,-0.8805
788,0.262,0.695,0.044,-0.9258
789,0.375,0.625,0.0,-0.7003
790,0.492,0.508,0.0,-0.4404
791,0.0,0.889,0.111,0.4118
792,0.066,0.72,0.213,0.7269
793,0.0,1.0,0.0,0.0
794,0.08,0.92,0.0,-0.1139
795,0.0,1.0,0.0,0.0
796,0.126,0.724,0.15,0.3304
797,0.0,0.92,0.08,0.5553
798,0.0,1.0,0.0,0.0
799,0.394,0.606,0.0,-0.5994
800,0.0,0.698,0.302,0.3818
801,0.083,0.766,0.151,0.34
802,0.295,0.644,0.06,-0.9062
803,0.135,0.699,0.166,0.0516
804,0.102,0.767,0.131,0.1181
805,0.227,0.515,0.258,0.0772
806,0.233,0.767,0.0,-0.8176
807,0.286,0.714,0.0,-0.5574
808,0.185,0.709,0.106,-0.7096
809,0.064,0.769,0.166,0.5994
810,0.199,0.708,0.093,-0.567
811,0.129,0.619,0.252,0.3818
812,0.108,0.681,0.212,0.629
813,0.0,0.646,0.354,0.9716
814,0.0,0.804,0.196,0.296
815,0.062,0.77,0.168,0.5264
816,0.327,0.673,0.0,-0.9476
817,0.336,0.566,0.098,-0.9326
818,0.159,0.841,0.0,-0.7398
819,0.163,0.769,0.068,-0.4784
820,0.159,0.685,0.156,-0.0426
821,0.123,0.877,0.0,-0.5423
822,0.225,0.676,0.099,-0.6369
823,0.217,0.646,0.137,-0.5734
824,0.266,0.734,0.0,-0.6908
825,0.114,0.886,0.0,-0.5423
826,0.403,0.597,0.0,-0.4019
827,0.129,0.822,0.049,-0.4404
828,0.108,0.892,0.0,-0.4588
829,0.146,0.743,0.111,-0.0772
830,0.105,0.895,0.0,-0.3804
831,0.207,0.793,0.0,-0.7772
832,0.263,0.737,0.0,-0.3612
833,0.126,0.658,0.216,0.7239
834,0.121,0.824,0.056,-0.4445
835,0.25,0.75,0.0,-0.6124
836,0.177,0.823,0.0,-0.8126
837,0.077,0.848,0.075,-0.2654
838,0.231,0.769,0.0,-0.5994
839,0.168,0.735,0.097,-0.3736
840,0.185,0.648,0.167,-0.1531
841,0.103,0.897,0.0,-0.4588
842,0.118,0.829,0.053,-0.5093
843,0.192,0.585,0.223,0.2342
844,0.093,0.871,0.036,-0.4491
845,0.0,1.0,0.0,0.0
846,0.037,0.894,0.069,0.34
847,0.0,1.0,0.0,0.0
848,0.153,0.726,0.121,-0.4199
849,0.305,0.617,0.078,-0.8474
850,0.246,0.754,0.0,-0.8948
851,0.218,0.716,0.066,-0.7787
852,0.056,0.749,0.195,0.7579
853,0.304,0.696,0.0,-0.5423
854,0.176,0.775,0.049,-0.7386
855,0.307,0.693,0.0,-0.4767
856,0.2,0.668,0.132,-0.5788
857,0.19,0.783,0.027,-0.8255
858,0.134,0.681,0.185,0.1749
859,0.327,0.673,0.0,-0.9477
860,0.0,0.475,0.525,0.7592
861,0.116,0.85,0.035,-0.4767
862,0.08,0.863,0.056,-0.296
863,0.223,0.667,0.11,-0.6421
864,0.184,0.816,0.0,-0.7264
865,0.0,0.708,0.292,0.5096
866,0.064,0.726,0.21,0.8138
867,0.271,0.617,0.112,-0.7896
868,0.11,0.74,0.151,-0.128
869,0.0,0.787,0.213,0.9169
870,0.0,0.761,0.239,0.899
871,0.088,0.886,0.026,-0.4398
872,0.0,0.682,0.318,0.8807
873,0.138,0.738,0.123,-0.128
874,0.168,0.832,0.0,-0.7219
875,0.134,0.665,0.201,0.673
876,0.05,0.882,0.068,0.2018
877,0.181,0.819,0.0,-0.4767
878,0.086,0.914,0.0,-0.4767
879,0.0,0.852,0.148,0.743
880,0.0,0.709,0.291,0.8758
881,0.114,0.848,0.037,-0.5984
882,0.079,0.671,0.25,0.8271
883,0.358,0.642,0.0,-0.9052
884,0.277,0.665,0.058,-0.8225
885,0.0,0.545,0.455,0.3612
886,0.244,0.756,0.0,-0.7304
887,0.167,0.711,0.122,-0.281
888,0.157,0.745,0.098,-0.3612
889,0.0,0.706,0.294,0.8979
890,0.125,0.875,0.0,-0.6476
891,0.046,0.786,0.168,0.6808
892,0.0,1.0,0.0,0.0
893,0.0,1.0,0.0,0.0
894,0.0,0.957,0.043,0.2732
895,0.0,0.814,0.186,0.5719
896,0.303,0.606,0.091,-0.9226
897,0.025,0.744,0.231,0.9144
898,0.06,0.885,0.054,-0.0772
899,0.0,1.0,0.0,0.0
900,0.103,0.793,0.105,0.2732
901,0.068,0.719,0.212,0.802
902,0.185,0.739,0.077,-0.6249
903,0.0,0.571,0.429,0.9586
904,0.0,1.0,0.0,0.0
905,0.217,0.705,0.078,-0.6085
906,0.0,0.914,0.086,0.1531
907,0.484,0.516,0.0,-0.8834
908,0.253,0.747,0.0,-0.7269
909,0.073,0.68,0.247,0.7717
910,0.16,0.651,0.189,-0.0516
911,0.164,0.836,0.0,-0.6908
912,0.12,0.797,0.083,-0.0258
913,0.227,0.773,0.0,-0.802
914,0.339,0.661,0.0,-0.6258
915,0.107,0.747,0.147,0.128
916,0.145,0.701,0.155,0.1255
917,0.108,0.804,0.087,-0.1531
918,0.049,0.755,0.196,0.802
919,0.096,0.721,0.183,0.6688
920,0.05,0.67,0.28,0.9001
921,0.21,0.79,0.0,-0.7269
922,0.11,0.835,0.055,-0.4019
923,0.236,0.764,0.0,-0.8949
924,0.062,0.938,0.0,-0.2609
925,0.1,0.874,0.026,-0.5803
926,0.159,0.841,0.0,-0.5574
927,0.0,1.0,0.0,0.0
928,0.164,0.836,0.0,-0.5719
929,0.045,0.784,0.171,0.7269
930,0.47,0.357,0.173,-0.7184
931,0.705,0.295,0.0,-0.9874
932,0.096,0.685,0.219,0.6056
933,0.0,0.941,0.059,0.4404
934,0.14,0.642,0.218,0.3254
935,0.064,0.669,0.267,0.885
936,0.175,0.825,0.0,-0.6486
937,0.085,0.866,0.05,-0.4151
938,0.725,0.275,0.0,-0.836
939,0.035,0.542,0.423,0.9774
940,0.057,0.806,0.137,0.5053
941,0.041,0.764,0.194,0.7506
942,0.037,0.871,0.092,0.5067
943,0.0,1.0,0.0,0.0
944,0.319,0.633,0.048,-0.9336
945,0.187,0.683,0.13,-0.4939
946,0.151,0.803,0.046,-0.6499
947,0.0,0.659,0.341,0.4767
948,0.0,1.0,0.0,0.0
949,0.232,0.664,0.104,-0.4767
950,0.04,0.96,0.0,-0.1027
951,0.089,0.853,0.059,-0.3786
952,0.0,0.863,0.137,0.7015
953,0.161,0.839,0.0,-0.6369
954,0.083,0.608,0.309,0.802
955,0.0,1.0,0.0,0.0
956,0.0,0.884,0.116,0.4404
957,0.0,0.795,0.205,0.7543
958,0.0,0.874,0.126,0.3182
959,0.0,0.612,0.388,0.9583
960,0.151,0.738,0.111,-0.0516
961,0.129,0.789,0.082,-0.3164
962,0.0,0.625,0.375,0.8481
963,0.238,0.709,0.053,-0.8555
964,0.101,0.728,0.171,0.296
965,0.04,0.884,0.076,0.2023
966,0.049,0.523,0.428,0.9062
967,0.11,0.89,0.0,-0.6663
968,0.383,0.57,0.046,-0.9791
969,0.195,0.805,0.0,-0.5574
970,0.112,0.863,0.025,-0.6249
971,0.0,1.0,0.0,0.0
972,0.0,0.872,0.128,0.3612
973,0.0,0.766,0.234,0.8807
974,0.176,0.669,0.155,-0.1531
975,0.476,0.458,0.066,-0.9666
976,0.0,0.878,0.122,0.3612
977,0.039,0.889,0.072,0.0516
978,0.117,0.883,0.0,-0.7351
979,0.364,0.636,0.0,-0.9548
980,0.0,1.0,0.0,0.0
981,0.167,0.833,0.0,-0.765
982,0.094,0.671,0.235,0.8112
983,0.13,0.87,0.0,-0.4588
984,0.245,0.702,0.053,-0.8762
985,0.257,0.743,0.0,-0.5423
986,0.0,0.84,0.16,0.7269
987,0.0,0.928,0.072,0.4199
988,0.223,0.717,0.06,-0.8126
989,0.218,0.782,0.0,-0.8389
990,0.487,0.416,0.097,-0.9804
991,0.151,0.814,0.034,-0.7347
992,0.0,0.849,0.151,0.7081
993,0.0,0.382,0.618,0.8658
994,0.051,0.891,0.059,0.0772
995,0.0,0.916,0.084,0.4497
996,0.312,0.515,0.173,-0.7506
997,0.091,0.909,0.0,-0.3612
998,0.0,1.0,0.0,0.0
999,0.095,0.784,0.121,0.3818
1000,0.0,0.756,0.244,0.4404
1001,0.094,0.858,0.047,-0.2732
1002,0.0,0.444,0.556,0.3612
1003,0.16,0.6,0.24,0.296
1004,0.366,0.634,0.0,-0.8812
1005,0.039,0.961,0.0,-0.0572
1006,0.27,0.503,0.227,-0.4003
1007,0.0,0.705,0.295,0.8829
1008,0.0,0.424,0.576,0.8588
1009,0.0,0.652,0.348,0.2808
1010,0.073,0.786,0.141,0.4504
1011,0.0,0.385,0.615,0.7506
1012,0.317,0.683,0.0,-0.8519
1013,0.192,0.672,0.136,-0.6209
1014,0.095,0.772,0.133,0.4588
1015,0.0,0.681,0.319,0.9259
1016,0.0,1.0,0.0,0.0
1017,0.13,0.791,0.079,-0.2023
1018,0.232,0.735,0.033,-0.872
1019,0.0,1.0,0.0,0.0
1020,0.0,1.0,0.0,0.0
1021,0.0,0.786,0.214,0.4588
1022,0.0,0.5,0.5,0.4588
1023,0.25,0.75,0.0,-0.6114
1024,0.0,1.0,0.0,0.0
1025,0.0,0.859,0.141,0.5994
1026,0.0,1.0,0.0,0.0
1027,0.331,0.533,0.136,-0.5106
1028,0.0,1.0,0.0,0.0
1029,0.11,0.832,0.058,-0.2173
1030,0.068,0.741,0.191,0.6083
1031,0.191,0.783,0.026,-0.8765
1032,0.0,0.791,0.209,0.4404
1033,0.184,0.684,0.132,-0.25
1034,0.0,1.0,0.0,0.0
1035,0.149,0.851,0.0,-0.8096
1036,0.186,0.742,0.071,-0.7339
1037,0.132,0.868,0.0,-0.5859
1038,0.333,0.667,0.0,-0.6124
1039,0.038,0.906,0.057,0.1901
1040,0.0,1.0,0.0,0.0
1041,0.082,0.854,0.064,-0.1501
1042,0.195,0.672,0.132,-0.4894
1043,0.185,0.702,0.113,-0.5994
1044,0.0,0.676,0.324,0.8883
1045,0.174,0.615,0.211,0.3118
1046,0.0,0.836,0.164,0.6486
1047,0.0,0.572,0.428,0.6696
1048,0.0,1.0,0.0,0.0
1049,0.0,0.878,0.122,0.168
1050,0.0,0.435,0.565,0.0772
1051,0.217,0.783,0.0,-0.4168
1052,0.0,0.622,0.378,0.7845
1053,0.0,1.0,0.0,0.0
1054,0.0,0.762,0.238,0.6486
1055,0.0,0.761,0.239,0.6517
1056,0.0,0.868,0.132,0.3451
1057,0.0,1.0,0.0,0.0
1058,0.42,0.58,0.0,-0.4404
1059,0.0,0.843,0.157,0.0772
1060,0.0,1.0,0.0,0.0
1061,0.087,0.508,0.405,0.8236
1062,0.0,0.965,0.035,0.0387
1063,0.545,0.455,0.0,-0.5859
1064,0.062,0.937,0.0,-0.296
1065,0.0,1.0,0.0,0.0
1066,0.083,0.815,0.101,-0.0935
1067,0.121,0.826,0.053,-0.5639
1068,0.0,1.0,0.0,0.0
1069,0.124,0.6,0.276,0.5859
1070,0.129,0.784,0.088,-0.3182
1071,0.0,1.0,0.0,0.0
1072,0.072,0.811,0.117,0.128
1073,0.298,0.702,0.0,-0.5255
1074,0.0,1.0,0.0,0.0
1075,0.058,0.864,0.079,-0.0516
1076,0.104,0.805,0.091,-0.1027
1077,0.367,0.377,0.256,-0.3544
1078,0.0,1.0,0.0,0.0
1079,0.219,0.705,0.076,-0.7856
1080,0.073,0.731,0.196,0.4939
1081,0.0,1.0,0.0,0.0
1082,0.0,0.617,0.383,0.4767
1083,0.0,1.0,0.0,0.0
1084,0.073,0.62,0.307,0.7506
1085,0.084,0.916,0.0,-0.2755
1086,0.0,0.903,0.097,0.4019
1087,0.0,1.0,0.0,0.0
1088,0.228,0.695,0.077,-0.8186
1089,0.233,0.767,0.0,-0.836
1090,0.0,1.0,0.0,0.0
1091,0.072,0.857,0.071,-0.0094
1092,0.333,0.667,0.0,-0.9186
1093,0.158,0.319,0.523,0.7738
1094,0.0,1.0,0.0,0.0
1095,0.0,0.877,0.123,0.5411
1096,0.0,0.932,0.068,0.4404
1097,0.138,0.724,0.137,-0.0084
1098,0.0,1.0,0.0,0.0
1099,0.247,0.753,0.0,-0.5574
1100,0.263,0.694,0.043,-0.8256
1101,0.112,0.724,0.164,0.3384
1102,0.0,0.61,0.39,0.9642
1103,0.667,0.0,0.333,-0.4939
1104,0.196,0.753,0.051,-0.882
1105,0.0,1.0,0.0,0.0
1106,0.0,0.756,0.244,0.4404
1107,0.0,0.595,0.405,0.5267
1108,0.0,1.0,0.0,0.0
1109,0.394,0.535,0.071,-0.9642
1110,0.106,0.866,0.028,-0.6103
1111,0.0,1.0,0.0,0.0
1112,0.143,0.857,0.0,-0.6124
1113,0.0,0.825,0.175,0.3818
1114,0.383,0.617,0.0,-0.9726
1115,0.148,0.667,0.186,0.2023
1116,0.0,1.0,0.0,0.0
1117,0.145,0.855,0.0,-0.798
1118,0.11,0.604,0.286,0.4939
1119,0.094,0.849,0.057,-0.3254
1120,0.313,0.603,0.084,-0.7732
1121,0.0,1.0,0.0,0.0
1122,0.312,0.559,0.128,-0.836
1123,0.109,0.84,0.051,-0.6652
1124,0.083,0.731,0.186,0.6256
1125,0.08,0.653,0.267,0.8519
1126,0.279,0.631,0.09,-0.9186
1127,0.108,0.673,0.219,0.6997
1128,0.043,0.815,0.141,0.6249
1129,0.0,1.0,0.0,0.0
1130,0.0,0.861,0.139,0.7425
1131,0.0,1.0,0.0,0.0
1132,0.143,0.739,0.118,-0.1265
1133,0.228,0.683,0.09,-0.6652
1134,0.0,1.0,0.0,0.0
1135,0.0,0.889,0.111,0.6249
1136,0.105,0.735,0.16,0.1779
1137,0.124,0.681,0.196,0.2878
1138,0.0,0.933,0.067,0.4871
1139,0.288,0.54,0.172,-0.4031
1140,0.05,0.858,0.092,0.4391
1141,0.0,1.0,0.0,0.0
1142,0.0,1.0,0.0,0.0
1143,0.246,0.593,0.16,-0.4404
1144,0.0,0.933,0.067,0.0387
1145,0.312,0.537,0.151,-0.7895
1146,0.0,0.864,0.136,0.4767
1147,0.024,0.93,0.046,0.2681
1148,0.058,0.744,0.198,0.5267
1149,0.132,0.784,0.083,-0.25
1150,0.193,0.595,0.212,-0.0777
1151,0.0,0.838,0.162,0.4404
1152,0.0,0.763,0.237,0.4767
1153,0.128,0.711,0.161,0.3365
1154,0.099,0.901,0.0,-0.5267
1155,0.088,0.824,0.088,0.0
1156,0.0,0.847,0.153,0.4019
1157,0.073,0.806,0.121,0.2173
1158,0.0,1.0,0.0,0.0
1159,0.0,1.0,0.0,0.0
1160,0.048,0.732,0.22,0.8793
1161,0.0,0.804,0.196,0.8885
1162,0.0,0.868,0.132,0.4404
1163,0.0,1.0,0.0,0.0
1164,0.141,0.79,0.069,-0.4404
1165,0.0,0.707,0.293,0.875
1166,0.0,1.0,0.0,0.0
1167,0.466,0.534,0.0,-0.5411
1168,0.0,0.756,0.244,0.4404
1169,0.0,1.0,0.0,0.0
1170,0.198,0.546,0.256,0.25
1171,0.0,1.0,0.0,0.0
1172,0.0,1.0,0.0,0.0
1173,0.279,0.674,0.047,-0.9444
1174,0.0,1.0,0.0,0.0
1175,0.0,1.0,0.0,0.0
1176,0.0,1.0,0.0,0.0
1177,0.0,0.213,0.787,0.5709
1178,0.0,0.826,0.174,0.6908
1179,0.0,1.0,0.0,0.0
1180,0.399,0.488,0.113,-0.926
1181,0.126,0.874,0.0,-0.6369
1182,0.099,0.901,0.0,-0.296
1183,0.099,0.778,0.123,0.3286
1184,0.195,0.632,0.174,-0.1027
1185,0.206,0.735,0.059,-0.8402
1186,0.0,0.795,0.205,0.6369
1187,0.0,0.721,0.279,0.836
1188,0.075,0.925,0.0,-0.3919
1189,0.39,0.61,0.0,-0.9403
1190,0.238,0.735,0.027,-0.9378
1191,0.0,0.911,0.089,0.4404
1192,0.206,0.382,0.412,0.4019
1193,0.0,1.0,0.0,0.0
1194,0.067,0.807,0.126,0.3182
1195,0.029,0.809,0.162,0.7634
1196,0.195,0.29,0.515,0.765
1197,0.236,0.661,0.103,-0.7414
1198,0.195,0.177,0.628,0.7096
1199,0.068,0.832,0.1,0.3939
1200,0.207,0.692,0.1,-0.5265
1201,0.0,0.797,0.203,0.4215
1202,0.0,1.0,0.0,0.0
1203,0.398,0.602,0.0,-0.6486
1204,0.189,0.766,0.044,-0.8016
1205,0.255,0.487,0.257,0.0258
1206,0.0,0.891,0.109,0.4019
1207,0.0,1.0,0.0,0.0
1208,0.15,0.774,0.076,-0.4871
1209,0.0,1.0,0.0,0.0
1210,0.0,0.81,0.19,0.6114
1211,0.263,0.599,0.138,-0.4767
1212,0.171,0.741,0.088,-0.4215
1213,0.318,0.664,0.019,-0.9615
1214,0.205,0.795,0.0,-0.4767
1215,0.113,0.887,0.0,-0.6114
1216,0.0,1.0,0.0,0.0
1217,0.226,0.619,0.155,-0.6414
1218,0.204,0.796,0.0,-0.3182
1219,0.0,1.0,0.0,0.0
1220,0.0,0.739,0.261,0.7184
1221,0.027,0.973,0.0,-0.0772
1222,0.134,0.866,0.0,-0.5848
1223,0.0,1.0,0.0,0.0
1224,0.061,0.835,0.104,0.1764
1225,0.0,0.686,0.314,0.5673
1226,0.0,1.0,0.0,0.0
1227,0.112,0.71,0.177,0.3903
1228,0.0,0.859,0.141,0.3182
1229,0.146,0.854,0.0,-0.4404
1230,0.0,0.957,0.043,0.2755
1231,0.0,1.0,0.0,0.0
1232,0.199,0.68,0.121,-0.3818
1233,0.063,0.854,0.083,-0.0258
1234,0.0,1.0,0.0,0.0
1235,0.0,0.703,0.297,0.5859
1236,0.06,0.821,0.119,0.4342
1237,0.163,0.837,0.0,-0.72
1238,0.302,0.698,0.0,-0.7579
1239,0.0,1.0,0.0,0.0
1240,0.196,0.503,0.302,0.2263
1241,0.0,1.0,0.0,0.0
1242,0.0,0.852,0.148,0.8151
1243,0.0,0.805,0.195,0.8016
1244,0.086,0.857,0.058,-0.2516
1245,0.0,1.0,0.0,0.0
1246,0.0,1.0,0.0,0.0
1247,0.0,1.0,0.0,0.0
1248,0.079,0.757,0.164,0.6167
1249,0.0,1.0,0.0,0.0
1250,0.0,1.0,0.0,0.0
1251,0.167,0.806,0.027,-0.8316
1252,0.15,0.716,0.134,-0.2373
1253,0.0,1.0,0.0,0.0
1254,0.0,1.0,0.0,0.0
1255,0.0,0.89,0.11,0.3818
1256,0.0,0.88,0.12,0.4071
1257,0.175,0.762,0.063,-0.7213
1258,0.0,0.965,0.035,0.0772
1259,0.0,0.925,0.075,0.5255
1260,0.325,0.675,0.0,-0.9508
1261,0.0,1.0,0.0,0.0
1262,0.0,1.0,0.0,0.0
1263,0.204,0.741,0.055,-0.8708
1264,0.166,0.684,0.15,-0.1663
1265,0.064,0.724,0.212,0.7998
1266,0.0,1.0,0.0,0.0
1267,0.076,0.66,0.264,0.8271
1268,0.343,0.556,0.102,-0.7351
1269,0.114,0.733,0.153,0.3147
1270,0.356,0.546,0.097,-0.9169
1271,0.097,0.748,0.155,0.4939
1272,0.0,1.0,0.0,0.0
1273,0.0,0.441,0.559,0.7456
1274,0.517,0.483,0.0,-0.8176
1275,0.077,0.733,0.19,0.5273
1276,0.0,0.581,0.419,0.7351
1277,0.311,0.689,0.0,-0.4023
1278,0.027,0.919,0.054,0.2881
1279,0.166,0.834,0.0,-0.1511
1280,0.0,0.8,0.2,0.3612
1281,0.188,0.812,0.0,-0.7823
1282,0.14,0.762,0.098,-0.3356
1283,0.0,0.833,0.167,0.2023
1284,0.0,1.0,0.0,0.0
1285,0.043,0.704,0.253,0.9403
1286,0.0,1.0,0.0,0.0
1287,0.139,0.721,0.141,0.0258
1288,0.0,1.0,0.0,0.0
1289,0.0,0.734,0.266,0.4404
1290,0.459,0.541,0.0,-0.1779
1291,0.0,0.848,0.152,0.7249
1292,0.0,1.0,0.0,0.0
1293,0.0,0.773,0.227,0.8176
1294,0.068,0.836,0.097,0.2732
1295,0.0,0.517,0.483,0.4215
1296,0.184,0.816,0.0,-0.5903
1297,0.385,0.615,0.0,-0.7845
1298,0.082,0.818,0.1,0.128
1299,0.073,0.796,0.131,0.3612
1300,0.0,1.0,0.0,0.0
1301,0.13,0.729,0.142,0.0772
1302,0.0,1.0,0.0,0.0
1303,0.24,0.505,0.256,0.128
1304,0.152,0.552,0.297,0.4767
1305,0.035,0.709,0.256,0.8692
1306,0.0,0.286,0.714,0.3612
1307,0.242,0.758,0.0,-0.1531
1308,0.151,0.849,0.0,-0.7698
1309,0.35,0.437,0.213,-0.3612
1310,0.1,0.633,0.267,0.5719
1311,0.127,0.828,0.045,-0.6956
1312,0.0,0.746,0.254,0.7579
1313,0.112,0.888,0.0,-0.2244
1314,0.0,1.0,0.0,0.0
1315,0.119,0.881,0.0,-0.765
1316,0.203,0.726,0.072,-0.7579
1317,0.0,0.908,0.092,0.5023
1318,0.186,0.814,0.0,-0.4939
1319,0.059,0.941,0.0,-0.296
1320,0.295,0.599,0.106,-0.5904
1321,0.082,0.871,0.047,-0.3182
1322,0.0,1.0,0.0,0.0
1323,0.0,0.614,0.386,0.5267
1324,0.63,0.37,0.0,-0.5267
1325,0.0,1.0,0.0,0.0
1326,0.178,0.734,0.089,-0.3182
1327,0.318,0.353,0.329,0.024
1328,0.288,0.712,0.0,-0.8062
1329,0.072,0.693,0.235,0.8836
1330,0.0,0.879,0.121,0.5106
1331,0.0,0.794,0.206,0.7901
1332,0.139,0.861,0.0,-0.6115
1333,0.419,0.581,0.0,-0.7579
1334,0.0,1.0,0.0,0.0
1335,0.08,0.854,0.066,-0.128
1336,0.134,0.721,0.146,0.1779
1337,0.146,0.786,0.067,-0.7099
1338,0.037,0.883,0.08,0.4657
1339,0.333,0.667,0.0,-0.3612
1340,0.0,0.777,0.223,0.7644
1341,0.111,0.775,0.114,0.0258
1342,0.293,0.673,0.034,-0.9448
1343,0.0,1.0,0.0,0.0
1344,0.0,1.0,0.0,0.0
1345,0.168,0.769,0.062,-0.4939
1346,0.0,1.0,0.0,0.0
1347,0.083,0.917,0.0,-0.2911
1348,0.101,0.778,0.12,0.126
1349,0.0,1.0,0.0,0.0
1350,0.079,0.885,0.036,-0.1154
1351,0.0,0.812,0.188,0.5563
1352,0.356,0.568,0.076,-0.8974
1353,0.204,0.634,0.162,-0.1531
1354,0.078,0.869,0.053,-0.0999
1355,0.0,1.0,0.0,0.0
1356,0.04,0.884,0.075,0.09
1357,0.0,1.0,0.0,0.0
1358,0.13,0.755,0.115,-0.1779
1359,0.0,0.864,0.136,0.5267
1360,0.054,0.946,0.0,-0.3736
1361,0.109,0.823,0.069,-0.0544
1362,0.066,0.796,0.138,0.3883
1363,0.228,0.534,0.238,-0.1531
1364,0.0,0.855,0.145,0.7096
1365,0.032,0.685,0.283,0.8602
1366,0.0,1.0,0.0,0.0
1367,0.0,0.721,0.279,0.836
1368,0.0,0.783,0.217,0.6124
1369,0.0,0.932,0.068,0.2263
1370,0.0,0.543,0.457,0.6369
1371,0.0,1.0,0.0,0.0
1372,0.0,1.0,0.0,0.0
1373,0.0,0.9,0.1,0.2732
1374,0.309,0.585,0.105,-0.7374
1375,0.208,0.792,0.0,-0.8126
1376,0.0,1.0,0.0,0.0
1377,0.0,0.737,0.263,0.431
1378,0.0,0.714,0.286,0.25
1379,0.213,0.738,0.049,-0.8588
1380,0.222,0.66,0.118,-0.296
1381,0.308,0.692,0.0,-0.7539
1382,0.221,0.779,0.0,-0.8689
1383,0.0,1.0,0.0,0.0
1384,0.135,0.865,0.0,-0.4215
1385,0.047,0.884,0.069,0.1901
1386,0.0,1.0,0.0,0.0
1387,0.137,0.755,0.107,-0.128
1388,0.213,0.787,0.0,-0.4199
1389,0.344,0.656,0.0,-0.5678
1390,0.0,1.0,0.0,0.0
1391,0.0,0.887,0.113,0.4215
1392,0.0,1.0,0.0,0.0
1393,0.0,1.0,0.0,0.0
1394,0.187,0.741,0.071,-0.5216
1395,0.0,1.0,0.0,0.0
1396,0.0,0.915,0.085,0.3612
1397,0.0,0.822,0.178,0.7717
1398,0.031,0.969,0.0,-0.0572
1399,0.0,0.862,0.138,0.6979
1400,0.0,0.781,0.219,0.6369
1401,0.407,0.455,0.138,-0.9652
1402,0.0,1.0,0.0,0.0
1403,0.0,0.784,0.216,0.5106
1404,0.083,0.848,0.068,-0.1179
1405,0.104,0.896,0.0,-0.3818
1406,0.0,0.519,0.481,0.6833
1407,0.288,0.617,0.095,-0.6908
1408,0.083,0.862,0.055,-0.0464
1409,0.133,0.806,0.061,-0.5093
1410,0.146,0.815,0.039,-0.7184
1411,0.0,0.75,0.25,0.8645
1412,0.349,0.566,0.085,-0.8555
1413,0.084,0.678,0.238,0.853
1414,0.0,1.0,0.0,0.0
1415,0.197,0.628,0.176,-0.3041
1416,0.166,0.745,0.088,-0.7579
1417,0.0,1.0,0.0,0.0
1418,0.19,0.734,0.075,-0.7964
1419,0.0,1.0,0.0,0.0
1420,0.23,0.544,0.225,-0.0387
1421,0.057,0.685,0.258,0.8427
1422,0.099,0.738,0.163,0.3922
1423,0.0,0.429,0.571,0.4574
1424,0.208,0.792,0.0,-0.743
1425,0.0,1.0,0.0,0.0
1426,0.0,0.866,0.134,0.4019
1427,0.203,0.359,0.438,0.4515
1428,0.0,1.0,0.0,0.0
1429,0.0,1.0,0.0,0.0
1430,0.0,0.355,0.645,0.9267
1431,0.119,0.801,0.08,-0.4404
1432,0.255,0.745,0.0,-0.8342
1433,0.0,0.845,0.155,0.5719
1434,0.0,1.0,0.0,0.0
1435,0.367,0.633,0.0,-0.4404
1436,0.195,0.696,0.11,-0.6705
1437,0.286,0.714,0.0,-0.25
1438,0.216,0.784,0.0,-0.5927
1439,0.044,0.956,0.0,-0.2023
1440,0.335,0.551,0.114,-0.765
1441,0.183,0.726,0.091,-0.4404
1442,0.0,1.0,0.0,0.0
1443,0.155,0.71,0.135,-0.2869
1444,0.0,1.0,0.0,0.0
1445,0.067,0.842,0.091,0.2714
1446,0.216,0.784,0.0,-0.9114
1447,0.15,0.771,0.079,-0.4118
1448,0.0,0.935,0.065,0.2235
1449,0.0,1.0,0.0,0.0
1450,0.0,0.86,0.14,0.5994
1451,0.134,0.642,0.224,0.4753
1452,0.0,0.833,0.167,0.25
1453,0.0,1.0,0.0,0.0
1454,0.0,1.0,0.0,0.0
1455,0.0,1.0,0.0,0.0
1456,0.0,1.0,0.0,0.0
1457,0.321,0.679,0.0,-0.9432
1458,0.0,0.818,0.182,0.7964
1459,0.138,0.671,0.191,0.3626
1460,0.0,0.625,0.375,0.34
1461,0.074,0.571,0.356,0.9411
1462,0.0,0.565,0.435,0.7855
1463,0.04,0.872,0.088,0.2658
1464,0.0,0.536,0.464,0.6369
1465,0.257,0.743,0.0,-0.6369
1466,0.0,0.781,0.219,0.7096
1467,0.095,0.905,0.0,-0.25
1468,0.0,1.0,0.0,0.0
1469,0.239,0.761,0.0,-0.296
1470,0.0,1.0,0.0,0.0
1471,0.073,0.754,0.173,0.5562
1472,0.083,0.78,0.137,0.5018
1473,0.0,0.851,0.149,0.4215
1474,0.157,0.403,0.44,0.745
1475,0.254,0.713,0.033,-0.9313
1476,0.0,1.0,0.0,0.0
1477,0.242,0.495,0.264,0.1027
1478,0.0,1.0,0.0,0.0
1479,0.375,0.625,0.0,-0.8625
1480,0.106,0.773,0.121,0.0772
1481,0.158,0.769,0.073,-0.4767
1482,0.0,1.0,0.0,0.0
1483,0.0,1.0,0.0,0.0
1484,0.0,0.541,0.459,0.7783
1485,0.113,0.854,0.033,-0.6553
1486,0.0,1.0,0.0,0.0
1487,0.0,0.939,0.061,0.3291
1488,0.034,0.78,0.186,0.8326
1489,0.0,1.0,0.0,0.0
1490,0.078,0.922,0.0,-0.1761
1491,0.185,0.815,0.0,-0.6124
1492,0.164,0.788,0.048,-0.6486
1493,0.052,0.688,0.261,0.8521
1494,0.34,0.66,0.0,-0.5574
1495,0.0,0.947,0.053,0.0772
1496,0.301,0.699,0.0,-0.9477
1497,0.274,0.726,0.0,-0.5267
1498,0.25,0.75,0.0,-0.6124
1499,0.0,0.918,0.082,0.508
1500,0.0,1.0,0.0,0.0
1501,0.0,0.688,0.312,0.9529
1502,0.292,0.441,0.268,-0.1796
1503,0.087,0.871,0.042,-0.3182
1504,0.081,0.859,0.059,-0.25
1505,0.0,1.0,0.0,0.0
1506,0.124,0.76,0.115,-0.1027
1507,0.0,0.784,0.216,0.296
1508,0.0,0.686,0.314,0.6776
1509,0.0,1.0,0.0,0.0
1510,0.136,0.864,0.0,-0.296
1511,0.0,1.0,0.0,0.0
1512,0.0,0.816,0.184,0.5598
1513,0.177,0.759,0.064,-0.7708
1514,0.0,0.911,0.089,0.4194
1515,0.363,0.575,0.062,-0.9634
1516,0.034,0.89,0.077,0.34
1517,0.0,1.0,0.0,0.0
1518,0.0,0.843,0.157,0.4215
1519,0.877,0.123,0.0,-0.7964
1520,0.178,0.645,0.176,0.2374
1521,0.0,1.0,0.0,0.0
1522,0.0,1.0,0.0,0.0
1523,0.0,0.849,0.151,0.807
1524,0.256,0.529,0.214,-0.1429
1525,0.0,0.532,0.468,0.6588
1526,0.0,0.597,0.403,0.6597
1527,0.217,0.656,0.127,-0.2633
1528,0.868,0.132,0.0,-0.765
1529,0.0,1.0,0.0,0.0
1530,0.195,0.805,0.0,-0.5255
1531,0.064,0.707,0.229,0.862
1532,0.0,0.795,0.205,0.5951
1533,0.273,0.727,0.0,-0.7587
1534,0.0,0.743,0.257,0.765
1535,0.262,0.626,0.112,-0.5209
1536,0.109,0.577,0.314,0.8011
1537,0.476,0.524,0.0,-0.6739
1538,0.0,1.0,0.0,0.0
1539,0.0,0.955,0.045,0.2235
1540,0.161,0.625,0.214,0.296
1541,0.0,1.0,0.0,0.0
1542,0.183,0.651,0.166,-0.0772
1543,0.333,0.667,0.0,-0.9381
1544,0.0,1.0,0.0,0.0
1545,0.0,0.762,0.238,0.3612
1546,0.0,1.0,0.0,0.0
1547,0.0,1.0,0.0,0.0
1548,0.0,0.914,0.086,0.4588
1549,0.0,1.0,0.0,0.0
1550,0.0,0.713,0.287,0.8573
1551,0.04,0.757,0.204,0.8442
1552,0.355,0.645,0.0,-0.296
1553,0.0,1.0,0.0,0.0
1554,0.394,0.606,0.0,-0.0772
1555,0.0,0.656,0.344,0.2732
1556,0.275,0.616,0.109,-0.5423
1557,0.0,0.711,0.289,0.431
1558,0.271,0.729,0.0,-0.6369
1559,0.0,1.0,0.0,0.0
1560,0.29,0.688,0.022,-0.9481
1561,0.134,0.866,0.0,-0.4767
1562,0.049,0.715,0.236,0.8344
1563,0.279,0.721,0.0,-0.8874
1564,0.384,0.464,0.153,-0.8392
1565,0.205,0.795,0.0,-0.6588
1566,0.0,0.774,0.226,0.8885
1567,0.289,0.711,0.0,-0.928
1568,0.072,0.869,0.059,-0.1179
1569,0.0,1.0,0.0,0.0
1570,0.0,0.833,0.167,0.7003
1571,0.204,0.796,0.0,-0.6249
1572,0.123,0.877,0.0,-0.2732
1573,0.167,0.833,0.0,-0.296
1574,0.121,0.779,0.1,-0.4019
1575,0.266,0.734,0.0,-0.7314
1576,0.051,0.839,0.11,0.5267
1577,0.0,1.0,0.0,0.0
1578,0.234,0.766,0.0,-0.5216
1579,0.0,1.0,0.0,0.0
1580,0.0,1.0,0.0,0.0
1581,0.215,0.694,0.091,-0.8002
1582,0.131,0.869,0.0,-0.6776
1583,0.452,0.548,0.0,-0.5106
1584,0.121,0.879,0.0,-0.4149
1585,0.0,0.919,0.081,0.3182
1586,0.0,0.481,0.519,0.659
1587,0.059,0.744,0.197,0.6591
1588,0.236,0.721,0.043,-0.9049
1589,0.078,0.653,0.269,0.9131
1590,0.386,0.394,0.22,-0.2732
1591,0.17,0.745,0.085,-0.5849
1592,0.266,0.646,0.087,-0.6908
1593,0.221,0.704,0.075,-0.782
1594,0.115,0.885,0.0,-0.6597
1595,0.072,0.928,0.0,-0.4019
1596,0.0,0.588,0.412,0.3612
1597,0.158,0.612,0.23,0.1027
1598,0.0,1.0,0.0,0.0
1599,0.272,0.728,0.0,-0.5777
1600,0.0,1.0,0.0,0.0
1601,0.125,0.875,0.0,-0.3164
1602,0.33,0.596,0.074,-0.9592
1603,0.0,1.0,0.0,0.0
1604,0.0,0.726,0.274,0.5267
1605,0.0,1.0,0.0,0.0
1606,0.374,0.571,0.055,-0.9496
1607,0.07,0.818,0.111,0.2023
1608,0.135,0.865,0.0,-0.5563
1609,0.0,0.294,0.706,0.802
1610,0.0,1.0,0.0,0.0
1611,0.081,0.675,0.244,0.6249
1612,0.0,1.0,0.0,0.0
1613,0.248,0.665,0.086,-0.8668
1614,0.099,0.901,0.0,-0.296
1615,0.088,0.912,0.0,-0.34
1616,0.0,0.909,0.091,0.2263
1617,0.0,0.903,0.097,0.4019
1618,0.072,0.857,0.071,-0.2617
1619,0.0,0.816,0.184,0.4019
1620,0.0,0.784,0.216,0.5106
1621,0.0,1.0,0.0,0.0
1622,0.152,0.72,0.128,-0.0772
1623,0.0,0.213,0.787,0.5709
1624,0.098,0.758,0.145,0.2303
1625,0.072,0.928,0.0,-0.5267
1626,0.182,0.747,0.071,-0.8118
1627,0.0,0.901,0.099,0.2944
1628,0.425,0.575,0.0,-0.5719
1629,0.0,0.756,0.244,0.6369
1630,0.0,1.0,0.0,0.0
1631,0.228,0.622,0.15,-0.2782
1632,0.0,1.0,0.0,0.0
1633,0.208,0.66,0.132,-0.34
1634,0.111,0.889,0.0,-0.3595
1635,0.134,0.814,0.053,-0.4746
1636,0.154,0.705,0.141,-0.0516
1637,0.0,0.83,0.17,0.3094
1638,0.108,0.811,0.081,-0.2347
1639,0.302,0.698,0.0,-0.5994
1640,0.143,0.857,0.0,-0.3252
1641,0.237,0.667,0.096,-0.5267
1642,0.0,0.819,0.181,0.7345
1643,0.165,0.762,0.073,-0.5447
1644,0.087,0.913,0.0,-0.296
1645,0.208,0.652,0.141,-0.5994
1646,0.0,0.688,0.312,0.9226
1647,0.0,1.0,0.0,0.0
1648,0.0,1.0,0.0,0.0
1649,0.076,0.924,0.0,-0.5093
1650,0.125,0.811,0.064,-0.4215
1651,0.0,1.0,0.0,0.0
1652,0.152,0.76,0.088,-0.6369
1653,0.0,1.0,0.0,0.0
1654,0.221,0.571,0.207,-0.0516
1655,0.141,0.82,0.038,-0.6615
1656,0.139,0.861,0.0,-0.5897
1657,0.202,0.698,0.101,-0.3182
1658,0.0,0.714,0.286,0.25
1659,0.105,0.67,0.225,0.5719
1660,0.0,0.901,0.099,0.6062
1661,0.155,0.845,0.0,-0.836
1662,0.304,0.696,0.0,-0.5423
1663,0.111,0.777,0.112,0.011
1664,0.192,0.664,0.145,-0.3707
1665,0.036,0.77,0.194,0.8768
1666,0.0,0.816,0.184,0.7959
1667,0.175,0.825,0.0,-0.1779
1668,0.172,0.724,0.104,-0.3612
1669,0.053,0.947,0.0,-0.3412
1670,0.239,0.714,0.047,-0.8333
1671,0.0,1.0,0.0,0.0
1672,0.0,1.0,0.0,0.0
1673,0.055,0.887,0.058,0.0258
1674,0.0,1.0,0.0,0.0
1675,0.0,1.0,0.0,0.0
1676,0.0,0.323,0.677,0.6369
1677,0.057,0.651,0.292,0.8978
1678,0.064,0.936,0.0,-0.3252
1679,0.0,1.0,0.0,0.0
1680,0.106,0.802,0.093,0.3299
1681,0.0,0.609,0.391,0.6696
1682,0.146,0.854,0.0,-0.7028
1683,0.115,0.773,0.112,0.2263
1684,0.0,1.0,0.0,0.0
1685,0.137,0.779,0.084,-0.1581
1686,0.271,0.123,0.606,0.5754
1687,0.075,0.848,0.077,0.2732
1688,0.109,0.891,0.0,-0.3217
1689,0.059,0.851,0.09,0.0956
1690,0.0,0.455,0.545,0.5562
1691,0.703,0.297,0.0,-0.7964
1692,0.051,0.89,0.059,0.1154
1693,0.0,1.0,0.0,0.0
1694,0.345,0.655,0.0,-0.8608
1695,0.308,0.692,0.0,-0.6124
1696,0.212,0.788,0.0,-0.8908
1697,0.137,0.863,0.0,-0.4215
1698,0.439,0.561,0.0,-0.69
1699,0.0,0.825,0.175,0.6573
1700,0.12,0.825,0.055,-0.5106
1701,0.097,0.87,0.034,-0.6688
1702,0.459,0.541,0.0,-0.5267
1703,0.139,0.861,0.0,-0.7684
1704,0.437,0.563,0.0,-0.4767
1705,0.263,0.737,0.0,-0.7759
1706,0.216,0.784,0.0,-0.7003
1707,0.231,0.769,0.0,-0.5106
1708,0.085,0.915,0.0,-0.5499
1709,0.127,0.81,0.064,-0.3734
1710,0.136,0.558,0.305,0.9382
1711,0.182,0.818,0.0,-0.25
1712,0.089,0.911,0.0,-0.5267
1713,0.216,0.721,0.062,-0.6369
1714,0.204,0.796,0.0,-0.6808
1715,0.0,1.0,0.0,0.0
1716,0.073,0.927,0.0,-0.3818
1717,0.038,0.787,0.175,0.7783
1718,0.039,0.762,0.198,0.8286
1719,0.419,0.581,0.0,-0.5574
1720,0.0,1.0,0.0,0.0
1721,0.0,0.865,0.135,0.6808
1722,0.0,0.819,0.181,0.624
1723,0.0,1.0,0.0,0.0
1724,0.278,0.59,0.132,-0.9034
1725,0.0,0.864,0.136,0.6562
1726,0.286,0.714,0.0,-0.1531
1727,0.0,0.492,0.508,0.4767
1728,0.139,0.734,0.127,-0.5296
1729,0.0,0.824,0.176,0.4927
1730,0.0,1.0,0.0,0.0
1731,0.0,0.748,0.252,0.4019
1732,0.142,0.432,0.426,0.6808
1733,0.0,1.0,0.0,0.0
1734,0.0,0.874,0.126,0.6808
1735,0.111,0.889,0.0,-0.7081
1736,0.0,1.0,0.0,0.0
1737,0.441,0.517,0.042,-0.9642
1738,0.0,0.87,0.13,0.4019
1739,0.0,0.863,0.137,0.4019
1740,0.063,0.832,0.105,-0.212
1741,0.0,0.805,0.195,0.4404
1742,0.0,1.0,0.0,0.0
1743,0.0,1.0,0.0,0.0
1744,0.405,0.595,0.0,-0.7783
1745,0.177,0.696,0.127,-0.5639
1746,0.214,0.649,0.136,-0.3412
1747,0.281,0.719,0.0,-0.6908
1748,0.0,1.0,0.0,0.0
1749,0.0,0.755,0.245,0.8126
1750,0.0,0.726,0.274,0.34
1751,0.104,0.753,0.143,0.25
1752,0.0,0.458,0.542,0.7964
1753,0.194,0.806,0.0,-0.34
1754,0.202,0.798,0.0,-0.5106
1755,0.336,0.62,0.044,-0.9511
1756,0.24,0.546,0.213,-0.128
1757,0.29,0.71,0.0,-0.8095
1758,0.0,1.0,0.0,0.0
1759,0.0,0.886,0.114,0.4019
1760,0.0,0.868,0.132,0.4404
1761,0.0,0.859,0.141,0.6249
1762,0.181,0.734,0.085,-0.8233
1763,0.412,0.588,0.0,-0.5423
1764,0.092,0.765,0.142,0.2263
1765,0.124,0.876,0.0,-0.4767
1766,0.0,0.541,0.459,0.5267
1767,0.0,0.86,0.14,0.0772
1768,0.125,0.875,0.0,-0.25
1769,0.595,0.405,0.0,-0.6597
1770,0.206,0.794,0.0,-0.3818
1771,0.0,0.821,0.179,0.8176
1772,0.0,1.0,0.0,0.0
1773,0.048,0.671,0.281,0.8658
1774,0.203,0.63,0.167,-0.5129
1775,0.061,0.711,0.229,0.7506
1776,0.0,1.0,0.0,0.0
1777,0.121,0.748,0.131,0.0516
1778,0.172,0.597,0.231,0.34
1779,0.188,0.698,0.115,-0.34
1780,0.0,0.855,0.145,0.7569
1781,0.0,1.0,0.0,0.0
1782,0.0,0.731,0.269,0.8279
1783,0.167,0.833,0.0,-0.4215
1784,0.061,0.624,0.315,0.7602
1785,0.163,0.837,0.0,-0.7178
1786,0.283,0.477,0.24,-0.1655
1787,0.0,1.0,0.0,0.0
1788,0.0,1.0,0.0,0.0
1789,0.0,1.0,0.0,0.0
1790,0.402,0.598,0.0,-0.5204
1791,0.144,0.802,0.054,-0.5859
1792,0.127,0.785,0.089,-0.1309
1793,0.0,0.625,0.375,0.4588
1794,0.0,0.707,0.293,0.4404
1795,0.112,0.744,0.143,0.1376
1796,0.087,0.913,0.0,-0.6124
1797,0.159,0.787,0.053,-0.7506
1798,0.0,1.0,0.0,0.0
1799,0.341,0.659,0.0,-0.4767
1800,0.045,0.919,0.036,-0.0836
1801,0.0,1.0,0.0,0.0
1802,0.0,0.702,0.298,0.5267
1803,0.0,0.797,0.203,0.4215
1804,0.0,1.0,0.0,0.0
1805,0.255,0.745,0.0,-0.34
1806,0.213,0.556,0.231,0.0516
1807,0.0,1.0,0.0,0.0
1808,0.064,0.738,0.199,0.6492
1809,0.11,0.89,0.0,-0.6757
1810,0.0,1.0,0.0,0.0
1811,0.0,0.268,0.732,0.802
1812,0.0,0.781,0.219,0.6369
1813,0.0,1.0,0.0,0.0
1814,0.0,1.0,0.0,0.0
1815,0.068,0.932,0.0,-0.3612
1816,0.0,0.687,0.313,0.8074
1817,0.063,0.785,0.152,0.5423
1818,0.175,0.751,0.074,-0.5023
1819,0.286,0.518,0.196,-0.1436
1820,0.0,0.762,0.238,0.7778
1821,0.767,0.233,0.0,-0.5106
1822,0.0,0.937,0.063,0.4753
1823,0.0,0.809,0.191,0.6697
1824,0.0,1.0,0.0,0.0
1825,0.116,0.884,0.0,-0.6002
1826,0.0,0.741,0.259,0.6369
1827,0.219,0.738,0.044,-0.8677
1828,0.099,0.72,0.181,0.6369
1829,0.0,0.849,0.151,0.4939
1830,0.05,0.864,0.086,-0.2994
1831,0.078,0.922,0.0,-0.296
1832,0.091,0.836,0.073,-0.1298
1833,0.119,0.769,0.111,-0.3612
1834,0.0,0.823,0.177,0.6221
1835,0.0,1.0,0.0,0.0
1836,0.0,0.844,0.156,0.5448
1837,0.162,0.596,0.241,0.3365
1838,0.0,0.957,0.043,0.0857
1839,0.281,0.556,0.162,-0.6384
1840,0.0,0.54,0.46,0.8809
1841,0.0,1.0,0.0,0.0
1842,0.383,0.617,0.0,-0.8429
1843,0.0,0.859,0.141,0.5599
1844,0.43,0.57,0.0,-0.876
1845,0.186,0.814,0.0,-0.8625
1846,0.0,1.0,0.0,0.0
1847,0.085,0.915,0.0,-0.3804
1848,0.0,0.823,0.177,0.4215
1849,0.169,0.554,0.277,0.4019
1850,0.0,0.58,0.42,0.4404
1851,0.054,0.946,0.0,-0.2865
1852,0.0,0.794,0.206,0.0772
1853,0.0,0.645,0.355,0.0258
1854,0.0,1.0,0.0,0.0
1855,0.071,0.866,0.064,-0.079
1856,0.054,0.946,0.0,-0.3182
1857,0.093,0.617,0.29,0.9022
1858,0.0,0.633,0.367,0.4404
1859,0.0,0.426,0.574,0.4019
1860,0.0,1.0,0.0,0.0
1861,0.161,0.707,0.132,-0.383
1862,0.067,0.754,0.179,0.5267
1863,0.043,0.915,0.042,-0.009
1864,0.0,1.0,0.0,0.0
1865,0.0,1.0,0.0,0.0
1866,0.126,0.737,0.137,0.3802
1867,0.12,0.738,0.141,0.0
1868,0.0,1.0,0.0,0.0
1869,0.313,0.609,0.078,-0.9111
1870,0.106,0.894,0.0,-0.3818
1871,0.0,0.737,0.263,0.3612
1872,0.0,1.0,0.0,0.0
1873,0.0,0.867,0.133,0.3182
1874,0.0,1.0,0.0,0.0
1875,0.0,0.708,0.292,0.7906
1876,0.216,0.784,0.0,-0.8268
1877,0.165,0.695,0.14,-0.169
1878,0.111,0.889,0.0,-0.2481
1879,0.208,0.751,0.04,-0.7783
1880,0.187,0.713,0.101,-0.5423
1881,0.279,0.721,0.0,-0.4767
1882,0.04,0.698,0.262,0.9236
1883,0.227,0.585,0.188,-0.069
1884,0.0,0.652,0.348,0.4939
1885,0.302,0.604,0.095,-0.9136
1886,0.0,0.488,0.512,0.6369
1887,0.34,0.66,0.0,-0.7717
1888,0.0,1.0,0.0,0.0
1889,0.113,0.723,0.165,-0.0498
1890,0.208,0.604,0.188,-0.0772
1891,0.0,1.0,0.0,0.0
1892,0.0,0.741,0.259,0.8555
1893,0.189,0.811,0.0,-0.2732
1894,0.357,0.454,0.19,-0.8439
1895,0.538,0.462,0.0,-0.5423
1896,0.758,0.242,0.0,-0.8555
1897,0.0,1.0,0.0,0.0
1898,0.073,0.927,0.0,-0.4118
1899,0.0,0.863,0.137,0.3346
1900,0.0,0.784,0.216,0.296
1901,0.0,1.0,0.0,0.0
1902,0.0,0.94,0.06,0.3291
1903,0.0,1.0,0.0,0.0
1904,0.291,0.688,0.021,-0.9337
1905,0.116,0.84,0.045,-0.5848
1906,0.138,0.862,0.0,-0.7269
1907,0.209,0.791,0.0,-0.783
1908,0.355,0.645,0.0,-0.6597
1909,0.077,0.717,0.206,0.7871
1910,0.123,0.775,0.102,-0.1511
1911,0.0,1.0,0.0,0.0
1912,0.0,1.0,0.0,0.0
1913,0.0,0.838,0.162,0.4767
1914,0.0,0.906,0.094,0.3612
1915,0.061,0.686,0.253,0.908
1916,0.086,0.855,0.059,-0.0258
1917,0.0,1.0,0.0,0.0
1918,0.0,1.0,0.0,0.0
1919,0.0,0.873,0.127,0.7717
1920,0.247,0.684,0.068,-0.5267
1921,0.216,0.784,0.0,-0.296
1922,0.0,1.0,0.0,0.0
1923,0.0,0.476,0.524,0.7712
1924,0.265,0.735,0.0,-0.8519
1925,0.401,0.478,0.121,-0.8316
1926,0.0,1.0,0.0,0.0
1927,0.651,0.349,0.0,-0.8162
1928,0.159,0.513,0.328,0.5106
1929,0.0,1.0,0.0,0.0
1930,0.0,0.853,0.147,0.2263
1931,0.416,0.584,0.0,-0.8934
1932,0.138,0.862,0.0,-0.6908
1933,0.273,0.727,0.0,-0.6705
1934,0.105,0.895,0.0,-0.5719
1935,0.459,0.541,0.0,-0.7783
1936,0.058,0.753,0.188,0.5859
1937,0.0,1.0,0.0,0.0
1938,0.181,0.819,0.0,-0.8173
1939,0.0,0.541,0.459,0.6249
1940,0.075,0.925,0.0,-0.0572
1941,0.062,0.853,0.085,0.0516
1942,0.205,0.795,0.0,-0.4767
1943,0.256,0.744,0.0,-0.836
1944,0.134,0.866,0.0,-0.4767
1945,0.0,1.0,0.0,0.0
1946,0.185,0.712,0.103,-0.2575
1947,0.063,0.806,0.131,0.411
1948,0.0,1.0,0.0,0.0
1949,0.156,0.844,0.0,-0.3412
1950,0.0,0.904,0.096,0.4559
1951,0.177,0.738,0.086,-0.4763
1952,0.0,0.75,0.25,0.6114
1953,0.466,0.534,0.0,-0.5411
1954,0.322,0.646,0.032,-0.9541
1955,0.06,0.849,0.091,0.2325
1956,0.0,0.773,0.227,0.7545
1957,0.0,0.802,0.198,0.6605
1958,0.0,0.837,0.163,0.5994
1959,0.18,0.769,0.05,-0.7506
1960,0.0,0.674,0.326,0.4404
1961,0.256,0.744,0.0,-0.4767
1962,0.324,0.676,0.0,-0.9182
1963,0.0,0.919,0.081,0.3736
1964,0.0,0.766,0.234,0.7734
1965,0.102,0.898,0.0,-0.6249
1966,0.0,0.667,0.333,0.3612
1967,0.158,0.842,0.0,-0.4588
1968,0.367,0.633,0.0,-0.8505
1969,0.086,0.831,0.083,-0.0258
1970,0.241,0.536,0.223,-0.0521
1971,0.0,1.0,0.0,0.0
1972,0.219,0.781,0.0,-0.6037
1973,0.362,0.638,0.0,-0.1779
1974,0.184,0.687,0.128,-0.5673
1975,0.207,0.702,0.091,-0.5095
1976,0.0,0.707,0.293,0.8513
1977,0.0,0.745,0.255,0.6249
1978,0.036,0.691,0.273,0.924
1979,0.0,1.0,0.0,0.0
1980,0.0,0.753,0.247,0.5574
1981,0.0,0.847,0.153,0.2023
1982,0.251,0.654,0.094,-0.9153
1983,0.139,0.861,0.0,-0.4404
1984,0.0,0.916,0.084,0.296
1985,0.0,1.0,0.0,0.0
1986,0.0,1.0,0.0,0.0
1987,0.199,0.447,0.355,0.5093
1988,0.234,0.695,0.071,-0.8949
1989,0.0,0.772,0.228,0.9001
1990,0.0,1.0,0.0,0.0
1991,0.0,1.0,0.0,0.0
1992,0.0,0.795,0.205,0.8689
1993,0.067,0.876,0.057,-0.1176
1994,0.0,0.824,0.176,0.8393
1995,0.164,0.836,0.0,-0.6908
1996,0.0,1.0,0.0,0.0
1997,0.0,0.476,0.524,0.296
1998,0.0,1.0,0.0,0.0
1999,0.0,1.0,0.0,0.0
2000,0.0,0.513,0.487,0.6908
2001,0.0,0.728,0.272,0.68
2002,0.058,0.863,0.079,0.1531
2003,0.068,0.849,0.083,-0.0516
2004,0.0,0.694,0.306,0.9218
2005,0.136,0.864,0.0,-0.296
2006,0.0,1.0,0.0,0.0
2007,0.0,0.659,0.341,0.6348
2008,0.213,0.787,0.0,-0.6908
2009,0.044,0.898,0.058,0.1658
2010,0.079,0.639,0.282,0.9331
2011,0.0,1.0,0.0,0.0
2012,0.0,0.631,0.369,0.9062
2013,0.403,0.524,0.072,-0.9448
2014,0.272,0.377,0.35,0.1154
2015,0.207,0.593,0.2,-0.0258
2016,0.25,0.604,0.146,-0.8193
2017,0.134,0.786,0.081,-0.3291
2018,0.0,0.644,0.356,0.8011
2019,0.0,1.0,0.0,0.0
2020,0.0,1.0,0.0,0.0
2021,0.062,0.775,0.163,0.6249
2022,0.0,1.0,0.0,0.0
2023,0.0,0.947,0.053,0.2942
2024,0.6,0.4,0.0,-0.7579
2025,0.12,0.52,0.36,0.7184
2026,0.313,0.687,0.0,-0.3129
2027,0.144,0.721,0.134,-0.3182
2028,0.082,0.741,0.177,0.7198
2029,0.154,0.806,0.04,-0.7354
2030,0.164,0.682,0.154,-0.123
2031,0.18,0.82,0.0,-0.296
2032,0.167,0.707,0.126,-0.2023
2033,0.0,1.0,0.0,0.0
2034,0.04,0.898,0.061,0.2263
2035,0.0,0.917,0.083,0.4588
2036,0.0,0.75,0.25,0.4588
2037,0.0,0.706,0.294,0.3612
2038,0.0,0.904,0.096,0.3252
2039,0.0,0.837,0.163,0.5994
2040,0.592,0.408,0.0,-0.4404
2041,0.0,1.0,0.0,0.0
2042,0.249,0.632,0.119,-0.3612
2043,0.0,0.868,0.132,0.4404
2044,0.0,1.0,0.0,0.0
2045,0.0,0.844,0.156,0.0762
2046,0.1,0.577,0.323,0.9229
2047,0.0,1.0,0.0,0.0
2048,0.111,0.778,0.111,0.0
2049,0.169,0.765,0.066,-0.5848
2050,0.148,0.852,0.0,-0.6114
2051,0.0,1.0,0.0,0.0
2052,0.0,0.873,0.127,0.6597
2053,0.0,1.0,0.0,0.0
2054,0.151,0.849,0.0,-0.5358
2055,0.198,0.802,0.0,-0.6596
2056,0.327,0.673,0.0,-0.5267
2057,0.0,1.0,0.0,0.0
2058,0.561,0.439,0.0,-0.7506
2059,0.0,0.58,0.42,0.8966
2060,0.0,0.745,0.255,0.8032
2061,0.204,0.743,0.053,-0.7717
2062,0.706,0.294,0.0,-0.802
2063,0.0,1.0,0.0,0.0
2064,0.188,0.812,0.0,-0.4588
2065,0.185,0.687,0.128,-0.3523
2066,0.28,0.72,0.0,-0.8309
2067,0.0,1.0,0.0,0.0
2068,0.0,0.932,0.068,0.4144
2069,0.0,1.0,0.0,0.0
2070,0.216,0.784,0.0,-0.8402
2071,0.027,0.871,0.102,0.5859
2072,0.441,0.559,0.0,-0.9686
2073,0.13,0.649,0.222,0.6249
2074,0.15,0.656,0.195,0.4939
2075,0.231,0.577,0.192,-0.1043
2076,0.0,0.734,0.266,0.4404
2077,0.26,0.594,0.146,-0.2846
2078,0.274,0.604,0.123,-0.7584
2079,0.0,0.791,0.209,0.7645
2080,0.084,0.531,0.385,0.8957
2081,0.058,0.862,0.079,-0.0258
2082,0.0,1.0,0.0,0.0
2083,0.226,0.511,0.263,0.128
2084,0.054,0.816,0.131,0.596
2085,0.0,1.0,0.0,0.0
2086,0.358,0.579,0.063,-0.8934
2087,0.0,1.0,0.0,0.0
2088,0.684,0.316,0.0,-0.7574
2089,0.253,0.531,0.216,-0.3751
2090,0.342,0.592,0.066,-0.886
2091,0.0,0.783,0.217,0.3612
2092,0.134,0.754,0.111,-0.1779
2093,0.0,1.0,0.0,0.0
2094,0.688,0.312,0.0,-0.6597
2095,0.0,0.673,0.327,0.5267
2096,0.0,0.9,0.1,0.296
2097,0.071,0.929,0.0,-0.296
2098,0.06,0.94,0.0,-0.2732
2099,0.0,1.0,0.0,0.0
2100,0.0,0.656,0.344,0.9501
2101,0.091,0.909,0.0,-0.4019
2102,0.0,1.0,0.0,0.0
2103,0.756,0.244,0.0,-0.4767
2104,0.0,1.0,0.0,0.0
2105,0.192,0.71,0.098,-0.3071
2106,0.0,0.925,0.075,0.5859
2107,0.0,1.0,0.0,0.0
2108,0.208,0.695,0.097,-0.4386
2109,0.0,0.773,0.227,0.8957
2110,0.0,1.0,0.0,0.0
2111,0.06,0.78,0.161,0.5267
2112,0.158,0.707,0.136,-0.1027
2113,0.15,0.85,0.0,-0.7319
2114,0.0,0.792,0.208,0.2732
2115,0.11,0.772,0.118,-0.5622
2116,0.225,0.735,0.04,-0.8701
2117,0.191,0.809,0.0,-0.1521
2118,0.45,0.294,0.256,-0.7676
2119,0.095,0.732,0.173,0.4847
2120,0.097,0.796,0.106,0.0531
2121,0.115,0.632,0.253,0.5707
2122,0.167,0.789,0.045,-0.7783
2123,0.154,0.846,0.0,-0.6124
2124,0.376,0.624,0.0,-0.9621
2125,0.287,0.658,0.054,-0.9343
2126,0.0,0.833,0.167,0.3818
2127,0.0,0.633,0.367,0.4404
2128,0.208,0.792,0.0,-0.6124
2129,0.0,1.0,0.0,0.0
2130,0.12,0.777,0.102,-0.4482
2131,0.312,0.465,0.223,-0.4404
2132,0.058,0.873,0.069,0.1411
2133,0.135,0.865,0.0,-0.3447
2134,0.078,0.745,0.177,0.8074
2135,0.0,0.715,0.285,0.7177
2136,0.0,0.769,0.231,0.5574
2137,0.0,0.674,0.326,0.4404
2138,0.0,0.706,0.294,0.3612
2139,0.0,0.711,0.289,0.9493
2140,0.0,1.0,0.0,0.0
2141,0.165,0.756,0.079,-0.4883
2142,0.047,0.712,0.24,0.9072
2143,0.0,0.807,0.193,0.3892
2144,0.0,0.633,0.367,0.4404
2145,0.0,0.65,0.35,0.8658
2146,0.0,1.0,0.0,0.0
2147,0.084,0.916,0.0,-0.4767
2148,0.392,0.509,0.098,-0.9485
2149,0.283,0.633,0.084,-0.9062
2150,0.199,0.734,0.068,-0.7783
2151,0.0,0.815,0.185,0.5267
2152,0.373,0.453,0.173,-0.8176
2153,0.0,0.583,0.417,0.6486
2154,0.0,1.0,0.0,0.0
2155,0.194,0.591,0.214,0.0701
2156,0.0,0.853,0.147,0.784
2157,0.16,0.689,0.152,-0.0757
2158,0.059,0.814,0.127,0.5574
2159,0.28,0.496,0.225,-0.2254
2160,0.256,0.744,0.0,-0.4767
2161,0.273,0.655,0.072,-0.7065
2162,0.235,0.711,0.054,-0.7443
2163,0.0,0.935,0.065,0.2023
2164,0.16,0.644,0.197,0.5251
2165,0.196,0.78,0.024,-0.8492
2166,0.167,0.833,0.0,-0.3818
2167,0.299,0.672,0.028,-0.926
2168,0.0,0.789,0.211,0.7556
2169,0.038,0.86,0.102,0.4194
2170,0.0,0.417,0.583,0.6369
2171,0.206,0.665,0.129,-0.7224
2172,0.059,0.724,0.217,0.7096
2173,0.888,0.112,0.0,-0.836
2174,0.0,1.0,0.0,0.0
2175,0.162,0.754,0.083,-0.7569
2176,0.364,0.574,0.062,-0.9456
2177,0.064,0.829,0.108,0.0772
2178,0.115,0.712,0.174,0.5267
2179,0.077,0.923,0.0,-0.5574
2180,0.756,0.244,0.0,-0.4767
2181,0.175,0.589,0.236,0.4588
2182,0.093,0.819,0.089,-0.0258
2183,0.101,0.899,0.0,-0.5574
2184,0.119,0.766,0.115,-0.0258
2185,0.056,0.797,0.148,0.6075
2186,0.096,0.655,0.249,0.5423
2187,0.0,1.0,0.0,0.0
2188,0.208,0.792,0.0,-0.2732
2189,0.109,0.837,0.054,-0.4199
2190,0.116,0.791,0.093,-0.128
2191,0.0,0.789,0.211,0.4939
2192,0.119,0.782,0.099,-0.1531
2193,0.383,0.617,0.0,-0.4767
2194,0.0,0.866,0.134,0.1779
2195,0.236,0.764,0.0,-0.5719
2196,0.0,1.0,0.0,0.0
2197,0.134,0.718,0.148,0.1521
2198,0.202,0.725,0.072,-0.6369
2199,0.14,0.776,0.084,-0.2263
2200,0.0,0.798,0.202,0.5106
2201,0.096,0.904,0.0,-0.4939
2202,0.235,0.613,0.152,-0.7858
2203,0.212,0.741,0.047,-0.8271
2204,0.064,0.878,0.057,-0.0966
2205,0.231,0.729,0.04,-0.9141
2206,0.411,0.525,0.064,-0.9702
2207,0.067,0.731,0.202,0.7329
2208,0.129,0.871,0.0,-0.6124
2209,0.126,0.812,0.062,-0.5106
2210,0.091,0.909,0.0,-0.3182
2211,0.07,0.724,0.206,0.7021
2212,0.188,0.693,0.119,-0.4881
2213,0.157,0.796,0.047,-0.7137
2214,0.0,1.0,0.0,0.0
2215,0.0,0.652,0.348,0.4939
2216,0.245,0.704,0.051,-0.8767
2217,0.076,0.888,0.037,-0.2014
2218,0.0,0.949,0.051,0.3612
2219,0.163,0.741,0.096,-0.6688
2220,0.165,0.638,0.197,0.1531
2221,0.0,0.743,0.257,0.7845
2222,0.236,0.633,0.131,-0.8225
2223,0.0,1.0,0.0,0.0
2224,0.386,0.614,0.0,-0.9806
2225,0.123,0.877,0.0,-0.6199
2226,0.0,0.426,0.574,0.7964
2227,0.239,0.761,0.0,-0.9001
2228,0.136,0.727,0.137,-0.2374
2229,0.386,0.522,0.092,-0.8074
2230,0.419,0.581,0.0,-0.7579
2231,0.0,0.809,0.191,0.7311
2232,0.117,0.651,0.232,0.8309
2233,0.274,0.683,0.043,-0.9264
2234,0.0,0.791,0.209,0.8957
2235,0.148,0.801,0.051,-0.6517
2236,0.179,0.708,0.114,-0.5423
2237,0.214,0.786,0.0,-0.85
2238,0.0,1.0,0.0,0.0
2239,0.217,0.674,0.109,-0.4404
2240,0.383,0.617,0.0,-0.4767
2241,0.069,0.823,0.108,0.2023
2242,0.0,0.459,0.541,0.7096
2243,0.101,0.799,0.101,-0.25
2244,0.152,0.625,0.224,0.3848
2245,0.058,0.711,0.231,0.8507
2246,0.143,0.857,0.0,-0.7906
2247,0.0,0.843,0.157,0.6597
2248,0.071,0.894,0.034,-0.3818
2249,0.091,0.648,0.261,0.8481
2250,0.446,0.516,0.039,-0.9753
2251,0.048,0.815,0.137,0.3612
2252,0.112,0.888,0.0,-0.3134
2253,0.105,0.822,0.072,-0.25
2254,0.0,1.0,0.0,0.0
2255,0.303,0.697,0.0,-0.826
2256,0.381,0.619,0.0,-0.5719
2257,0.0,1.0,0.0,0.0
2258,0.25,0.431,0.319,0.2023
2259,0.281,0.719,0.0,-0.7797
2260,0.0,1.0,0.0,0.0
2261,0.099,0.734,0.167,0.5106
2262,0.2,0.655,0.145,-0.3612
2263,0.327,0.628,0.045,-0.9495
2264,0.071,0.87,0.059,-0.1007
2265,0.379,0.621,0.0,-0.7859
2266,0.214,0.738,0.048,-0.8176
2267,0.173,0.609,0.218,0.34
2268,0.355,0.615,0.031,-0.9537
2269,0.0,1.0,0.0,0.0
2270,0.178,0.717,0.106,-0.56
2271,0.032,0.677,0.29,0.9381
2272,0.111,0.889,0.0,-0.4588
2273,0.088,0.912,0.0,-0.3947
2274,0.17,0.757,0.073,-0.6249
2275,0.038,0.825,0.137,0.7088
2276,0.133,0.867,0.0,-0.5994
2277,0.508,0.492,0.0,-0.4767
2278,0.176,0.671,0.153,-0.1013
2279,0.374,0.524,0.101,-0.7784
2280,0.0,0.791,0.209,0.7003
2281,0.08,0.695,0.225,0.7845
2282,0.243,0.66,0.097,-0.7351
2283,0.0,0.787,0.213,0.6597
2284,0.157,0.843,0.0,-0.5994
2285,0.078,0.922,0.0,-0.296
2286,0.165,0.703,0.131,-0.2746
2287,0.193,0.671,0.136,-0.5857
2288,0.114,0.853,0.032,-0.4655
2289,0.492,0.508,0.0,-0.4404
2290,0.08,0.831,0.09,0.0772
2291,0.042,0.646,0.312,0.9076
2292,0.076,0.726,0.198,0.5696
2293,0.0,0.85,0.15,0.7184
2294,0.0,0.796,0.204,0.7506
2295,0.327,0.673,0.0,-0.5983
2296,0.127,0.825,0.048,-0.5204
2297,0.113,0.887,0.0,-0.7184
2298,0.0,0.679,0.321,0.9228
2299,0.0,0.904,0.096,0.6124
2300,0.17,0.83,0.0,-0.8402
2301,0.196,0.6,0.203,0.0772
2302,0.102,0.842,0.056,-0.4215
2303,0.058,0.834,0.107,0.342
2304,0.0,0.699,0.301,0.7096
2305,0.169,0.831,0.0,-0.7117
2306,0.222,0.567,0.212,-0.34
2307,0.48,0.492,0.029,-0.9841
2308,0.247,0.662,0.091,-0.8587
2309,0.155,0.804,0.041,-0.7003
2310,0.376,0.555,0.069,-0.967
2311,0.0,0.798,0.202,0.8225
2312,0.348,0.597,0.055,-0.9597
2313,0.369,0.357,0.274,-0.2023
2314,0.233,0.685,0.082,-0.6808
2315,0.287,0.713,0.0,-0.9358
2316,0.0,1.0,0.0,0.0
2317,0.323,0.564,0.113,-0.8957
2318,0.0,0.697,0.303,0.7501
2319,0.178,0.681,0.141,-0.3939
2320,0.12,0.88,0.0,-0.7783
2321,0.242,0.46,0.299,0.1883
2322,0.052,0.948,0.0,-0.4019
2323,0.108,0.831,0.061,-0.4019
2324,0.18,0.764,0.057,-0.7184
2325,0.077,0.713,0.21,0.6049
2326,0.0,0.698,0.302,0.9022
2327,0.178,0.822,0.0,-0.3818
2328,0.243,0.587,0.169,-0.6597
2329,0.447,0.553,0.0,-0.8658
2330,0.228,0.599,0.174,-0.4215
2331,0.539,0.461,0.0,-0.802
2332,0.326,0.637,0.037,-0.9331
2333,0.237,0.654,0.108,-0.743
2334,0.0,1.0,0.0,0.0
2335,0.0,1.0,0.0,0.0
2336,0.0,0.895,0.105,0.4019
2337,0.204,0.709,0.087,-0.8126
2338,0.118,0.809,0.073,-0.3182
2339,0.0,0.876,0.124,0.4019
2340,0.069,0.877,0.055,-0.1511
2341,0.0,0.868,0.132,0.5514
2342,0.333,0.667,0.0,-0.5423
2343,0.0,1.0,0.0,0.0
2344,0.335,0.665,0.0,-0.891
2345,0.055,0.778,0.167,0.681
2346,0.422,0.535,0.043,-0.9822
2347,0.421,0.579,0.0,-0.5622
2348,0.25,0.633,0.117,-0.788
2349,0.674,0.326,0.0,-0.7351
2350,0.306,0.694,0.0,-0.6597
2351,0.31,0.69,0.0,-0.6705
2352,0.121,0.879,0.0,-0.6269
2353,0.337,0.663,0.0,-0.9601
2354,0.186,0.784,0.029,-0.8402
2355,0.331,0.564,0.105,-0.8813
2356,0.0,1.0,0.0,0.0
2357,0.128,0.8,0.072,-0.4767
2358,0.241,0.706,0.053,-0.891
2359,0.231,0.28,0.489,0.5709
2360,0.3,0.7,0.0,-0.9538
2361,0.072,0.801,0.127,0.3976
2362,0.545,0.455,0.0,-0.7184
2363,0.172,0.779,0.048,-0.7227
2364,0.0,0.867,0.133,0.5423
2365,0.165,0.835,0.0,-0.8176
2366,0.113,0.804,0.083,-0.296
2367,0.343,0.657,0.0,-0.6901
2368,0.319,0.565,0.116,-0.9378
2369,0.498,0.502,0.0,-0.6087
2370,0.234,0.728,0.038,-0.7351
2371,0.271,0.729,0.0,-0.9327
2372,0.046,0.891,0.062,0.2247
2373,0.34,0.584,0.076,-0.9327
2374,0.365,0.635,0.0,-0.8979
2375,0.121,0.781,0.098,-0.1531
2376,0.201,0.799,0.0,-0.8519
2377,0.196,0.727,0.076,-0.5106
2378,0.524,0.476,0.0,-0.6597
2379,0.316,0.684,0.0,-0.945
2380,0.082,0.737,0.181,0.3565
2381,0.576,0.424,0.0,-0.8588
2382,0.086,0.914,0.0,-0.4767
2383,0.0,1.0,0.0,0.0
2384,0.0,0.709,0.291,0.5719
2385,0.402,0.476,0.121,-0.9512
2386,0.277,0.65,0.073,-0.9218
2387,0.048,0.898,0.053,0.0624
2388,0.071,0.929,0.0,-0.1531
2389,0.052,0.79,0.158,0.5093
2390,0.406,0.533,0.06,-0.9721
2391,0.062,0.938,0.0,-0.2023
2392,0.067,0.819,0.113,0.2263
2393,0.12,0.818,0.061,-0.3818
2394,0.0,0.879,0.121,0.5719
2395,0.433,0.567,0.0,-0.9323
2396,0.319,0.622,0.06,-0.9607
2397,0.097,0.854,0.049,-0.5204
2398,0.247,0.688,0.065,-0.7787
2399,0.443,0.557,0.0,-0.9729
2400,0.1,0.793,0.107,0.0772
2401,0.273,0.627,0.1,-0.6908
2402,0.09,0.768,0.142,0.4588
2403,0.0,0.923,0.077,0.5803
2404,0.038,0.828,0.134,0.6704
2405,0.051,0.783,0.166,0.6416
2406,0.0,1.0,0.0,0.0
2407,0.257,0.652,0.091,-0.765
2408,0.114,0.69,0.197,0.1027
2409,0.0,0.86,0.14,0.5984
2410,0.195,0.706,0.099,-0.6908
2411,0.217,0.642,0.142,-0.6858
2412,0.397,0.514,0.09,-0.9758
2413,0.223,0.662,0.115,-0.4767
2414,0.483,0.517,0.0,-0.8829
2415,0.101,0.561,0.338,0.8141
2416,0.253,0.637,0.11,-0.7964
2417,0.067,0.814,0.119,0.2942
2418,0.0,0.91,0.09,0.5484
2419,0.103,0.789,0.107,0.0516
2420,0.111,0.685,0.205,0.4359
2421,0.0,1.0,0.0,0.0
2422,0.211,0.604,0.185,-0.2942
2423,0.475,0.525,0.0,-0.9859
2424,0.192,0.656,0.152,-0.1779
2425,0.031,0.88,0.088,0.3133
2426,0.245,0.685,0.07,-0.918
2427,0.218,0.688,0.093,-0.4753
2428,0.116,0.748,0.135,0.1154
2429,0.0,0.833,0.167,0.8316
2430,0.111,0.825,0.064,-0.0772
2431,0.143,0.857,0.0,-0.802
2432,0.219,0.662,0.119,-0.3612
2433,0.23,0.688,0.083,-0.7579
2434,0.135,0.494,0.371,0.8603
2435,0.0,0.818,0.182,0.25
2436,0.171,0.829,0.0,-0.5423
2437,0.067,0.933,0.0,-0.5106
2438,0.062,0.765,0.173,0.5994
2439,0.159,0.773,0.067,-0.5466
2440,0.143,0.682,0.175,0.0
2441,0.263,0.707,0.029,-0.9172
2442,0.512,0.488,0.0,-0.4847
2443,0.346,0.654,0.0,-0.6486
2444,0.096,0.779,0.125,0.1531
2445,0.272,0.683,0.045,-0.913
2446,0.074,0.72,0.206,0.7367
2447,0.142,0.73,0.128,-0.2023
2448,0.136,0.798,0.066,-0.6227
2449,0.304,0.563,0.132,-0.9231
2450,0.284,0.688,0.028,-0.901
2451,0.124,0.766,0.11,-0.0772
2452,0.106,0.859,0.035,-0.5667
2453,0.0,0.79,0.21,0.8117
2454,0.122,0.811,0.067,-0.6038
2455,0.166,0.795,0.039,-0.8131
2456,0.0,0.818,0.182,0.4391
2457,0.0,0.844,0.156,0.5859
2458,0.0,0.667,0.333,0.3612
2459,0.135,0.865,0.0,-0.7906
2460,0.058,0.737,0.205,0.6808
2461,0.081,0.878,0.041,-0.4215
2462,0.865,0.135,0.0,-0.7506
2463,0.392,0.519,0.089,-0.9716
2464,0.116,0.698,0.186,0.4939
2465,0.0,0.889,0.111,0.6697
2466,0.0,1.0,0.0,0.0
2467,0.214,0.696,0.09,-0.7003
2468,0.0,1.0,0.0,0.0
2469,0.259,0.741,0.0,-0.8553
2470,0.282,0.718,0.0,-0.8807
2471,0.234,0.766,0.0,-0.8577
2472,0.141,0.797,0.062,-0.6331
2473,0.288,0.712,0.0,-0.9237
2474,0.0,0.835,0.165,0.7424
2475,0.529,0.471,0.0,-0.6705
2476,0.231,0.701,0.067,-0.8847
2477,0.0,0.772,0.228,0.9081
2478,0.119,0.627,0.254,0.4997
2479,0.0,0.891,0.109,0.296
2480,0.0,1.0,0.0,0.0
2481,0.326,0.502,0.173,-0.9296
2482,0.25,0.684,0.065,-0.875
2483,0.0,1.0,0.0,0.0
2484,0.305,0.695,0.0,-0.8934
2485,0.0,0.905,0.095,0.4404
2486,0.223,0.744,0.032,-0.8175
2487,0.166,0.718,0.116,-0.5587
2488,0.079,0.848,0.073,-0.0387
2489,0.052,0.819,0.128,0.7269
2490,0.437,0.563,0.0,-0.4767
2491,0.0,0.942,0.058,0.4404
2492,0.48,0.52,0.0,-0.9892
2493,0.5,0.447,0.053,-0.9872
2494,0.264,0.644,0.092,-0.7469
2495,0.198,0.714,0.087,-0.6369
2496,0.061,0.893,0.046,-0.1779
2497,0.166,0.751,0.083,-0.6369
2498,0.0,0.75,0.25,0.7461
2499,0.214,0.726,0.06,-0.8832
2500,0.069,0.808,0.123,0.3995
2501,0.526,0.454,0.02,-0.9875
2502,0.273,0.619,0.107,-0.5076
2503,0.067,0.933,0.0,-0.4767
2504,0.0,1.0,0.0,0.0
2505,0.247,0.753,0.0,-0.8591
2506,0.0,1.0,0.0,0.0
2507,0.136,0.864,0.0,-0.296
2508,0.215,0.785,0.0,-0.7964
2509,0.677,0.323,0.0,-0.4937
2510,0.0,1.0,0.0,0.0
2511,0.244,0.695,0.062,-0.8141
2512,0.581,0.419,0.0,-0.9022
2513,0.088,0.858,0.055,-0.4019
2514,0.155,0.784,0.061,-0.6597
2515,0.069,0.808,0.123,0.34
2516,0.0,0.868,0.132,0.743
2517,0.39,0.61,0.0,-0.9766
2518,0.15,0.73,0.12,-0.1779
2519,0.0,0.783,0.217,0.3612
2520,0.156,0.844,0.0,-0.7269
2521,0.103,0.875,0.022,-0.6249
2522,0.392,0.528,0.08,-0.9612
2523,0.174,0.768,0.057,-0.8242
2524,0.11,0.857,0.034,-0.7003
2525,0.16,0.62,0.22,0.3578
2526,0.129,0.81,0.061,-0.6908
2527,0.265,0.682,0.053,-0.8555
2528,0.296,0.642,0.061,-0.8555
2529,0.351,0.573,0.076,-0.9114
2530,0.0,0.874,0.126,0.6551
2531,0.068,0.801,0.131,-0.4402
2532,0.056,0.827,0.117,0.3612
2533,0.051,0.949,0.0,-0.296
2534,0.0,1.0,0.0,0.0
2535,0.081,0.81,0.109,0.0258
2536,0.35,0.588,0.062,-0.9724
2537,0.0,0.929,0.071,0.0772
2538,0.19,0.81,0.0,-0.8779
2539,0.255,0.511,0.234,-0.5267
2540,0.041,0.912,0.047,0.0772
2541,0.0,0.836,0.164,0.7712
2542,0.074,0.76,0.166,0.4367
2543,0.0,0.675,0.325,0.95
2544,0.066,0.781,0.153,0.4404
2545,0.0,1.0,0.0,0.0
2546,0.086,0.817,0.097,0.0772
2547,0.191,0.809,0.0,-0.8475
2548,0.183,0.75,0.067,-0.6808
2549,0.0,0.903,0.097,0.4404
2550,0.105,0.771,0.123,-0.0129
2551,0.094,0.906,0.0,-0.631
2552,0.408,0.592,0.0,-0.9781
2553,0.423,0.577,0.0,-0.6597
2554,0.0,1.0,0.0,0.0
2555,0.286,0.638,0.076,-0.9348
2556,0.0,0.227,0.773,0.9521
2557,0.132,0.673,0.195,0.3254
2558,0.149,0.851,0.0,-0.2732
2559,0.0,1.0,0.0,0.0
2560,0.291,0.64,0.069,-0.8126
2561,0.085,0.811,0.104,0.0
2562,0.081,0.738,0.181,0.6798
2563,0.798,0.202,0.0,-0.836
2564,0.214,0.636,0.15,-0.2732
2565,0.0,0.95,0.05,0.3612
2566,0.459,0.541,0.0,-0.8176
2567,0.0,1.0,0.0,0.0
2568,0.032,0.761,0.207,0.8714
2569,0.06,0.815,0.125,0.4019
2570,0.069,0.805,0.126,0.4561
2571,0.341,0.611,0.048,-0.9322
2572,0.038,0.895,0.067,0.3459
2573,0.203,0.755,0.043,-0.8331
2574,0.106,0.761,0.133,0.128
2575,0.0,0.973,0.027,0.0258
2576,0.464,0.536,0.0,-0.9485
2577,0.321,0.549,0.131,-0.9012
2578,0.0,1.0,0.0,0.0
2579,0.299,0.609,0.092,-0.7276
2580,0.0,1.0,0.0,0.0
2581,0.213,0.609,0.178,-0.0941
2582,0.234,0.704,0.063,-0.7618
2583,0.119,0.72,0.161,0.4104
2584,0.0,0.743,0.257,0.926
2585,0.249,0.751,0.0,-0.9273
2586,0.263,0.607,0.13,-0.5106
2587,0.149,0.712,0.139,-0.3182
2588,0.224,0.679,0.097,-0.552
2589,0.832,0.168,0.0,-0.872
2590,0.383,0.617,0.0,-0.9357
2591,0.198,0.802,0.0,-0.891
2592,0.383,0.617,0.0,-0.9683
2593,0.0,0.86,0.14,0.8176
2594,0.41,0.571,0.019,-0.9766
2595,0.269,0.669,0.062,-0.8299
2596,0.0,0.573,0.427,0.8658
2597,0.168,0.671,0.161,-0.3595
2598,0.205,0.758,0.037,-0.9001
2599,0.304,0.696,0.0,-0.9578
2600,0.101,0.814,0.085,-0.1068
2601,0.545,0.455,0.0,-0.34
2602,0.238,0.762,0.0,-0.3595
2603,0.0,1.0,0.0,0.0
2604,0.0,1.0,0.0,0.0
2605,0.0,1.0,0.0,0.0
2606,0.196,0.69,0.114,-0.5719
2607,0.251,0.631,0.119,-0.847
2608,0.05,0.95,0.0,-0.0516
2609,0.099,0.561,0.34,0.927
2610,0.271,0.525,0.204,-0.1945
2611,0.114,0.886,0.0,-0.4767
2612,0.079,0.842,0.079,0.0
2613,0.187,0.813,0.0,-0.5574
2614,0.192,0.808,0.0,-0.7845
2615,0.0,0.667,0.333,0.7184
2616,0.284,0.502,0.214,-0.8271
2617,0.61,0.39,0.0,-0.6908
2618,0.0,1.0,0.0,0.0
2619,0.106,0.894,0.0,-0.6124
2620,0.203,0.797,0.0,-0.4215
2621,0.057,0.724,0.219,0.7402
2622,0.0,1.0,0.0,0.0
2623,0.178,0.633,0.19,0.0498
2624,0.0,0.685,0.315,0.3182
2625,0.215,0.737,0.048,-0.7941
2626,0.0,1.0,0.0,0.0
2627,0.046,0.921,0.033,-0.1677
2628,0.248,0.704,0.049,-0.8468
2629,0.53,0.47,0.0,-0.836
2630,0.0,0.854,0.146,0.4404
2631,0.195,0.709,0.095,-0.4728
2632,0.179,0.821,0.0,-0.8122
2633,0.133,0.837,0.029,-0.68
2634,0.0,0.688,0.312,0.9227
2635,0.0,1.0,0.0,0.0
2636,0.228,0.772,0.0,-0.821
2637,0.338,0.662,0.0,-0.5574
2638,0.059,0.779,0.162,0.4915
2639,0.132,0.595,0.272,0.7476
2640,0.131,0.766,0.103,-0.5423
2641,0.258,0.59,0.152,-0.6816
2642,0.223,0.652,0.125,-0.4215
2643,0.419,0.581,0.0,-0.8543
2644,0.0,0.461,0.539,0.6892
2645,0.235,0.641,0.124,-0.5307
2646,0.074,0.878,0.047,-0.296
2647,0.176,0.485,0.339,0.4019
2648,0.047,0.742,0.211,0.6486
2649,0.0,1.0,0.0,0.0
2650,1.0,0.0,0.0,-0.6597
2651,0.569,0.431,0.0,-0.765
2652,0.697,0.303,0.0,-0.5574
2653,0.195,0.651,0.154,-0.34
2654,0.0,1.0,0.0,0.0
2655,0.247,0.545,0.207,-0.2732
2656,0.186,0.814,0.0,-0.7959
2657,0.191,0.809,0.0,-0.5106
2658,0.063,0.768,0.169,0.6707
2659,0.209,0.791,0.0,-0.8979
2660,0.444,0.393,0.163,-0.7184
2661,0.064,0.936,0.0,-0.34
2662,0.237,0.763,0.0,-0.6786
2663,0.264,0.736,0.0,-0.5562
2664,0.485,0.515,0.0,-0.765
2665,0.325,0.566,0.109,-0.8986
2666,0.197,0.647,0.156,-0.1926
2667,0.695,0.305,0.0,-0.8779
2668,0.103,0.897,0.0,-0.6124
2669,0.0,1.0,0.0,0.0
2670,0.273,0.662,0.065,-0.846
2671,0.453,0.547,0.0,-0.9312
2672,0.051,0.861,0.088,0.25
2673,0.195,0.592,0.213,-0.1779
2674,0.0,0.804,0.196,0.296
2675,0.376,0.395,0.228,-0.8343
2676,0.716,0.284,0.0,-0.9442
2677,0.229,0.584,0.187,-0.296
2678,0.558,0.442,0.0,-0.9648
2679,0.0,1.0,0.0,0.0
2680,0.0,0.833,0.167,0.6369
2681,0.0,1.0,0.0,0.0
2682,0.108,0.892,0.0,-0.5267
2683,0.0,0.78,0.22,0.7569
2684,0.767,0.233,0.0,-0.5106
2685,0.2,0.606,0.194,-0.0258
2686,0.333,0.667,0.0,-0.7579
2687,0.374,0.626,0.0,-0.8393
2688,0.126,0.822,0.052,-0.5574
2689,0.231,0.769,0.0,-0.5106
2690,0.0,1.0,0.0,0.0
2691,0.722,0.278,0.0,-0.7783
2692,0.182,0.579,0.24,0.1027
2693,0.048,0.719,0.233,0.6854
2694,0.19,0.729,0.081,-0.8557
2695,0.58,0.42,0.0,-0.7845
2696,0.301,0.699,0.0,-0.5972
2697,0.0,0.67,0.33,0.8122
2698,0.245,0.681,0.074,-0.8957
2699,0.44,0.56,0.0,-0.6705
2700,0.216,0.509,0.275,0.4588
2701,0.414,0.586,0.0,-0.9001
2702,0.374,0.626,0.0,-0.9442
2703,0.216,0.688,0.096,-0.6149
2704,0.242,0.758,0.0,-0.4939
2705,0.319,0.621,0.06,-0.9136
2706,0.0,1.0,0.0,0.0
2707,0.524,0.476,0.0,-0.5106
2708,0.442,0.307,0.252,-0.6249
2709,0.191,0.66,0.15,-0.6747
2710,0.361,0.591,0.048,-0.9575
2711,0.452,0.548,0.0,-0.5106
2712,0.058,0.874,0.068,0.1027
2713,0.0,1.0,0.0,0.0
2714,0.579,0.421,0.0,-0.6705
2715,0.207,0.793,0.0,-0.6059
2716,0.767,0.233,0.0,-0.5106
2717,0.787,0.213,0.0,-0.8111
2718,0.687,0.313,0.0,-0.763
2719,0.313,0.553,0.134,-0.5994
2720,0.452,0.548,0.0,-0.5106
2721,0.524,0.476,0.0,-0.6597
2722,0.722,0.278,0.0,-0.6369
2723,0.667,0.333,0.0,-0.9185
2724,0.15,0.697,0.153,-0.2144
2725,0.173,0.709,0.118,-0.2869
2726,0.323,0.545,0.132,-0.8786
2727,0.694,0.306,0.0,-0.7783
2728,0.336,0.664,0.0,-0.7964
2729,0.193,0.638,0.169,-0.1384
2730,0.0,1.0,0.0,0.0
2731,0.0,0.64,0.36,0.7351
2732,0.356,0.644,0.0,-0.5956
2733,0.428,0.52,0.052,-0.959
2734,0.12,0.752,0.128,0.3506
2735,0.421,0.427,0.152,-0.6597
2736,0.586,0.172,0.241,-0.6124
2737,0.851,0.149,0.0,-0.6908
2738,0.414,0.586,0.0,-0.6418
2739,1.0,0.0,0.0,-0.5106
2740,0.074,0.765,0.161,0.4936
2741,0.0,0.793,0.207,0.7814
2742,0.119,0.71,0.171,-0.0772
2743,0.0,0.872,0.128,0.3612
2744,0.0,0.515,0.485,0.7645
2745,0.21,0.751,0.039,-0.7717
2746,0.172,0.828,0.0,-0.6597
2747,0.0,0.543,0.457,0.6369
2748,0.143,0.729,0.128,-0.4199
2749,0.481,0.478,0.041,-0.9841
2750,0.484,0.11,0.407,-0.1779
2751,0.0,0.809,0.191,0.7783
2752,0.442,0.528,0.03,-0.9559
2753,0.241,0.759,0.0,-0.8957
2754,0.227,0.532,0.24,-0.0699
2755,0.026,0.799,0.175,0.7845
2756,0.0,1.0,0.0,0.0
2757,0.0,0.847,0.153,0.4019
2758,0.302,0.698,0.0,-0.5994
2759,0.211,0.789,0.0,-0.5399
2760,0.339,0.661,0.0,-0.8481
2761,0.121,0.879,0.0,-0.5719
2762,0.773,0.227,0.0,-0.5267
2763,0.815,0.185,0.0,-0.6597
2764,0.0,1.0,0.0,0.0
2765,0.349,0.651,0.0,-0.7096
2766,0.32,0.632,0.048,-0.9493
2767,0.276,0.668,0.057,-0.8608
2768,0.508,0.492,0.0,-0.4767
2769,0.223,0.777,0.0,-0.3182
2770,0.108,0.626,0.266,0.8437
2771,0.168,0.701,0.131,-0.2023
2772,0.228,0.363,0.409,0.3612
2773,0.0,1.0,0.0,0.0
2774,0.0,0.758,0.242,0.7906
2775,0.0,1.0,0.0,0.0
2776,0.091,0.909,0.0,-0.4003
2777,0.0,1.0,0.0,0.0
2778,0.102,0.606,0.292,0.8337
2779,0.0,0.841,0.159,0.2235
2780,0.275,0.637,0.088,-0.6313
2781,0.144,0.681,0.174,0.1263
2782,0.208,0.604,0.188,-0.0772
2783,0.264,0.686,0.05,-0.9109
2784,0.331,0.566,0.102,-0.9294
2785,0.0,0.714,0.286,0.4215
2786,0.45,0.486,0.064,-0.9444
2787,0.221,0.681,0.098,-0.6946
2788,0.161,0.567,0.272,0.368
2789,0.2,0.556,0.244,-0.0516
2790,0.35,0.558,0.091,-0.7269
2791,0.144,0.744,0.112,-0.2144
2792,0.498,0.502,0.0,-0.6077
2793,0.231,0.572,0.197,-0.3871
2794,0.255,0.519,0.225,-0.1779
2795,0.087,0.856,0.057,-0.1321
2796,0.45,0.435,0.116,-0.9394
2797,0.512,0.116,0.372,-0.296
2798,0.868,0.132,0.0,-0.765
2799,0.445,0.555,0.0,-0.3412
2800,0.143,0.775,0.081,-0.3818
2801,0.0,0.841,0.159,0.4648
2802,0.39,0.355,0.255,-0.8423
2803,0.345,0.655,0.0,-0.274
2804,0.0,0.821,0.179,0.6761
2805,0.287,0.502,0.211,-0.3489
2806,0.798,0.202,0.0,-0.836
2807,0.347,0.595,0.058,-0.9338
2808,0.0,0.828,0.172,0.7003
2809,0.0,0.256,0.744,0.4404
2810,0.114,0.727,0.159,0.1477
2811,0.069,0.751,0.18,0.552
2812,0.041,0.613,0.346,0.9246
2813,0.122,0.745,0.133,0.0516
2814,0.0,0.934,0.066,0.3578
2815,0.0,1.0,0.0,0.0
2816,0.175,0.783,0.042,-0.8404
2817,0.167,0.833,0.0,-0.7184
2818,0.0,0.452,0.548,0.8979
2819,0.148,0.644,0.208,0.2975
2820,0.247,0.449,0.303,0.0
2821,0.42,0.58,0.0,-0.4404
2822,0.304,0.607,0.089,-0.7189
2823,0.0,0.741,0.259,0.2732
2824,0.407,0.503,0.09,-0.9733
2825,0.0,1.0,0.0,0.0
2826,0.174,0.772,0.054,-0.807
2827,0.151,0.753,0.096,-0.3818
2828,0.145,0.745,0.11,-0.4215
2829,0.156,0.734,0.11,-0.25
2830,0.32,0.68,0.0,-0.765
2831,0.089,0.579,0.332,0.743
2832,0.157,0.667,0.175,0.0547
2833,0.039,0.921,0.039,-0.0
2834,0.595,0.405,0.0,-0.6597
2835,0.164,0.545,0.291,0.3612
2836,0.0,0.734,0.266,0.765
2837,0.071,0.813,0.116,0.3167
2838,0.0,1.0,0.0,0.0
2839,0.0,0.884,0.116,0.4404
2840,0.0,0.771,0.229,0.9
2841,0.0,1.0,0.0,0.0
2842,0.273,0.727,0.0,-0.7847
2843,0.0,0.843,0.157,0.6588
2844,0.157,0.843,0.0,-0.4215
2845,0.312,0.603,0.085,-0.7496
2846,0.25,0.682,0.068,-0.9253
2847,0.23,0.631,0.139,-0.6808
2848,0.157,0.843,0.0,-0.8402
2849,0.349,0.467,0.184,-0.743
2850,0.282,0.718,0.0,-0.6249
2851,0.0,0.881,0.119,0.7149
2852,0.468,0.532,0.0,-0.6597
2853,0.253,0.679,0.068,-0.836
2854,0.338,0.662,0.0,-0.7283
2855,0.104,0.777,0.119,0.0772
2856,0.0,0.962,0.038,0.1531
2857,0.0,1.0,0.0,0.0
2858,0.174,0.632,0.194,0.34
2859,0.047,0.897,0.056,0.1027
2860,0.136,0.726,0.138,0.0258
2861,0.195,0.805,0.0,-0.743
2862,0.182,0.749,0.069,-0.7096
2863,0.049,0.899,0.052,0.0258
2864,0.255,0.568,0.177,-0.1685
2865,0.297,0.552,0.151,-0.8143
2866,0.13,0.87,0.0,-0.4019
2867,0.093,0.595,0.312,0.63
2868,0.107,0.846,0.047,-0.5719
2869,0.0,0.581,0.419,0.802
2870,0.0,0.834,0.166,0.8611
2871,0.135,0.641,0.224,0.5423
2872,0.238,0.611,0.151,-0.7412
2873,0.103,0.849,0.048,-0.34
2874,0.283,0.511,0.206,-0.527
2875,0.0,1.0,0.0,0.0
2876,0.076,0.924,0.0,-0.3506
2877,0.148,0.852,0.0,-0.6124
2878,0.198,0.747,0.055,-0.7845
2879,0.326,0.674,0.0,-0.743
2880,0.203,0.549,0.247,-0.0516
2881,0.444,0.556,0.0,-0.8625
2882,0.0,0.862,0.138,0.3724
2883,0.286,0.714,0.0,-0.5574
2884,0.169,0.716,0.115,-0.5086
2885,0.308,0.692,0.0,-0.8908
2886,0.216,0.721,0.063,-0.7609
2887,0.223,0.547,0.23,-0.1952
2888,0.217,0.738,0.045,-0.871
2889,0.281,0.719,0.0,-0.8555
2890,0.09,0.772,0.138,0.4019
2891,0.657,0.343,0.0,-0.91
2892,0.328,0.672,0.0,-0.7446
2893,0.481,0.519,0.0,-0.9413
2894,0.0,0.872,0.128,0.2263
2895,0.0,0.339,0.661,0.5994
2896,0.0,0.588,0.412,0.8277
2897,0.269,0.64,0.091,-0.743
2898,0.0,1.0,0.0,0.0
2899,0.116,0.622,0.262,0.6597
2900,0.097,0.588,0.316,0.6386
2901,0.372,0.628,0.0,-0.7964
2902,0.097,0.667,0.237,0.7893
2903,0.0,1.0,0.0,0.0
2904,0.171,0.752,0.077,-0.6671
2905,0.0,0.895,0.105,0.0762
2906,0.243,0.706,0.051,-0.8316
2907,0.134,0.615,0.251,0.2732
2908,0.0,0.814,0.186,0.6167
2909,0.0,0.682,0.318,0.6369
2910,0.125,0.544,0.331,0.5829
2911,0.218,0.679,0.103,-0.5562
2912,0.556,0.351,0.094,-0.9501
2913,0.0,0.234,0.766,0.7603
2914,0.232,0.63,0.138,-0.3658
2915,0.323,0.677,0.0,-0.6486
2916,0.0,1.0,0.0,0.0
2917,0.0,0.758,0.242,0.3724
2918,0.0,0.438,0.562,0.9336
2919,0.0,1.0,0.0,0.0
2920,0.301,0.699,0.0,-0.9334
2921,0.275,0.541,0.183,-0.6458
2922,0.0,1.0,0.0,0.0
2923,0.14,0.617,0.244,0.296
2924,0.0,1.0,0.0,0.0
2925,0.267,0.733,0.0,-0.7351
2926,0.16,0.64,0.2,0.0196
2927,0.0,0.667,0.333,0.541
2928,0.0,0.884,0.116,0.2732
2929,0.096,0.789,0.114,0.2023
2930,0.322,0.55,0.128,-0.6402
2931,0.0,1.0,0.0,0.0
2932,0.277,0.635,0.088,-0.6553
2933,0.271,0.729,0.0,-0.6229
2934,0.0,0.479,0.521,0.9329
2935,0.244,0.756,0.0,-0.7003
2936,0.0,0.365,0.635,0.7876
2937,0.056,0.725,0.219,0.8779
2938,0.187,0.761,0.052,-0.7351
2939,0.114,0.802,0.084,-0.296
2940,0.313,0.658,0.029,-0.9665
2941,0.502,0.498,0.0,-0.8434
2942,0.108,0.892,0.0,-0.5423
2943,0.0,0.65,0.35,0.5927
2944,0.209,0.791,0.0,-0.4404
2945,0.0,1.0,0.0,0.0
2946,0.319,0.681,0.0,-0.6901
2947,0.149,0.744,0.107,-0.5106
2948,0.161,0.724,0.115,-0.3182
2949,0.127,0.794,0.079,-0.504
2950,0.204,0.716,0.08,-0.7264
2951,0.0,0.822,0.178,0.0772
2952,0.085,0.851,0.064,-0.228
2953,0.538,0.462,0.0,-0.5423
2954,0.0,0.923,0.077,0.1258
2955,0.0,1.0,0.0,0.0
2956,0.232,0.656,0.112,-0.6899
2957,0.154,0.574,0.272,0.6705
2958,0.136,0.864,0.0,-0.4871
2959,0.185,0.642,0.172,-0.1804
2960,0.402,0.598,0.0,-0.6908
2961,0.087,0.826,0.087,0.0094
2962,0.11,0.834,0.056,-0.3887
2963,0.25,0.75,0.0,-0.9136
2964,0.378,0.622,0.0,-0.9109
2965,0.0,0.84,0.16,0.765
2966,0.0,0.804,0.196,0.8042
2967,0.239,0.761,0.0,-0.296
2968,0.0,1.0,0.0,0.0
2969,0.271,0.609,0.119,-0.9259
2970,0.0,0.714,0.286,0.4215
2971,0.206,0.794,0.0,-0.886
2972,0.235,0.765,0.0,-0.8364
2973,0.308,0.692,0.0,-0.6124
2974,0.0,0.878,0.122,0.4199
2975,0.136,0.864,0.0,-0.7599
2976,0.0,1.0,0.0,0.0
2977,0.0,1.0,0.0,0.0
2978,0.228,0.613,0.159,-0.5423
2979,0.0,1.0,0.0,0.0
2980,0.188,0.812,0.0,-0.6597
2981,0.623,0.377,0.0,-0.9349
2982,0.166,0.717,0.117,-0.3182
2983,0.0,1.0,0.0,0.0
2984,0.263,0.737,0.0,-0.7759
2985,0.183,0.693,0.124,-0.296
2986,0.322,0.568,0.11,-0.6808
2987,0.0,1.0,0.0,0.0
2988,0.32,0.562,0.118,-0.7783
2989,0.439,0.561,0.0,-0.6908
2990,0.528,0.397,0.075,-0.9246
2991,0.207,0.793,0.0,-0.6908
2992,0.0,1.0,0.0,0.0
2993,0.54,0.46,0.0,-0.9442
2994,0.301,0.513,0.186,-0.4215
2995,0.0,1.0,0.0,0.0
2996,0.552,0.448,0.0,-0.9623
2997,0.285,0.715,0.0,-0.5562
2998,0.289,0.355,0.356,0.3239
2999,0.4,0.6,0.0,-0.9186
3000,0.0,1.0,0.0,0.0
3001,0.155,0.845,0.0,-0.296
3002,0.117,0.554,0.329,0.5897
3003,0.636,0.364,0.0,-0.5423
3004,0.18,0.674,0.146,0.0258
3005,0.245,0.691,0.064,-0.7947
3006,0.095,0.905,0.0,-0.2462
3007,0.298,0.526,0.176,-0.8103
3008,0.0,1.0,0.0,0.0
3009,0.0,1.0,0.0,0.0
3010,0.402,0.598,0.0,-0.886
3011,0.2,0.8,0.0,-0.5423
3012,0.364,0.636,0.0,-0.6124
3013,0.61,0.39,0.0,-0.6908
3014,0.0,0.685,0.315,0.8674
3015,0.0,0.801,0.199,0.8934
3016,0.295,0.644,0.062,-0.886
3017,0.077,0.77,0.153,0.3595
3018,0.0,0.9,0.1,0.4404
3019,0.208,0.705,0.087,-0.5574
3020,0.249,0.525,0.226,-0.1154
3021,0.339,0.496,0.165,-0.8689
3022,0.335,0.565,0.101,-0.7003
3023,0.047,0.83,0.123,0.5218
3024,0.0,1.0,0.0,0.0
3025,0.0,1.0,0.0,0.0
3026,0.417,0.583,0.0,-0.6124
3027,0.171,0.488,0.341,0.4754
3028,0.37,0.63,0.0,-0.8126
3029,0.209,0.791,0.0,-0.6476
3030,0.481,0.519,0.0,-0.9009
3031,0.359,0.549,0.092,-0.743
3032,0.091,0.783,0.126,0.2023
3033,0.119,0.686,0.195,0.2732
3034,0.342,0.658,0.0,-0.9171
3035,0.452,0.548,0.0,-0.5106
3036,0.0,1.0,0.0,0.0
3037,0.17,0.83,0.0,-0.3089
3038,0.0,0.736,0.264,0.4973
3039,0.266,0.681,0.053,-0.875
3040,0.076,0.924,0.0,-0.1027
3041,0.0,1.0,0.0,0.0
3042,0.0,0.684,0.316,0.7501
3043,0.0,0.886,0.114,0.4019
3044,0.143,0.696,0.161,-0.3094
3045,0.585,0.415,0.0,-0.9136
3046,0.655,0.345,0.0,-0.6908
3047,0.347,0.497,0.157,-0.899
3048,0.143,0.788,0.069,-0.4767
3049,0.231,0.769,0.0,-0.5574
3050,0.0,1.0,0.0,0.0
3051,0.0,0.809,0.191,0.5106
3052,0.268,0.673,0.059,-0.8866
3053,0.091,0.859,0.05,-0.5242
3054,0.268,0.653,0.079,-0.923
3055,0.092,0.822,0.086,-0.3063
3056,0.147,0.752,0.101,-0.2837
3057,0.186,0.732,0.082,-0.5267
3058,0.148,0.74,0.112,-0.3818
3059,0.502,0.498,0.0,-0.9022
3060,0.411,0.589,0.0,-0.8772
3061,0.511,0.489,0.0,-0.886
3062,0.427,0.573,0.0,-0.7717
3063,0.285,0.569,0.146,-0.6868
3064,0.056,0.944,0.0,-0.3164
3065,0.196,0.804,0.0,-0.7269
3066,0.167,0.833,0.0,-0.34
3067,0.281,0.496,0.223,-0.1779
3068,0.0,0.442,0.558,0.8211
3069,0.336,0.664,0.0,-0.7968
3070,0.0,1.0,0.0,0.0
3071,0.0,1.0,0.0,0.0
3072,0.124,0.876,0.0,-0.3412
3073,0.0,1.0,0.0,0.0
3074,0.11,0.68,0.21,0.2732
3075,0.203,0.523,0.275,0.2732
3076,0.28,0.591,0.13,-0.5859
3077,0.32,0.68,0.0,-0.5106
3078,0.0,1.0,0.0,0.0
3079,0.0,1.0,0.0,0.0
3080,0.393,0.607,0.0,-0.5965
3081,0.0,0.488,0.512,0.6369
3082,0.082,0.918,0.0,-0.1531
3083,0.114,0.886,0.0,-0.7105
3084,0.181,0.819,0.0,-0.4767
3085,0.318,0.682,0.0,-0.7297
3086,0.25,0.75,0.0,-0.4588
3087,0.0,1.0,0.0,0.0
3088,0.17,0.65,0.18,0.0516
3089,0.159,0.841,0.0,-0.5267
3090,0.0,1.0,0.0,0.0
3091,0.0,0.732,0.268,0.5267
3092,0.0,0.545,0.455,0.3612
3093,0.18,0.74,0.08,-0.4767
3094,0.0,0.69,0.31,0.2023
3095,0.381,0.619,0.0,-0.8402
3096,0.266,0.67,0.065,-0.8126
3097,0.0,0.763,0.237,0.7096
3098,0.0,1.0,0.0,0.0
3099,0.198,0.802,0.0,-0.5719
3100,0.0,0.743,0.257,0.5903
3101,0.079,0.791,0.13,0.2732
3102,0.0,1.0,0.0,0.0
3103,0.15,0.643,0.207,0.2023
3104,0.0,0.82,0.18,0.7319
3105,0.294,0.444,0.261,-0.1531
3106,0.381,0.206,0.412,-0.1779
3107,0.222,0.716,0.061,-0.8608
3108,0.071,0.63,0.299,0.823
3109,0.63,0.37,0.0,-0.8595
3110,0.381,0.619,0.0,-0.5719
3111,0.323,0.677,0.0,-0.7351
